ON_STREAM_HRS,AVG_CHOKE_SIZE_P,AVG_WHP_P,DP_CHOKE_SIZE,Total_Injection_VOL,BORE_OIL_VOL
11.5,14.48443,106.806,92.475,0.0,285.0
24.0,22.83299,120.889,89.62,0.0,1870.0
22.5,31.24997,113.718,80.12,0.0,3124.0
23.15,28.51893,116.831,84.251,0.0,2608.0
24.0,30.2279,115.434,82.359,0.0,3052.0
24.0,29.97405,115.206,82.169,0.0,2983.0
23.0,30.3084,113.282,80.263,0.0,2981.0
24.0,30.48698,113.769,81.275,0.0,3046.0
24.0,29.90702,113.4,80.774,0.0,3057.0
24.0,30.49301,113.106,79.975,0.0,3030.0
23.67,29.63448,113.079,79.948,0.0,2908.0
15.14,28.95718,112.603,79.162,0.0,1852.0
24.0,30.79962,111.187,77.932,0.0,3127.0
24.0,30.68344,111.45,78.257,0.0,3046.0
24.0,30.92304,110.934,77.723,0.0,3047.0
24.0,30.84932,110.326,77.128,0.0,3036.0
23.67,29.90044,110.629,77.465,0.0,2972.0
24.0,31.02388,109.447,76.212,0.0,3071.0
24.0,31.06188,108.827,75.573,0.0,3068.0
24.0,31.08744,108.321,74.762,0.0,3067.0
24.0,30.96447,108.059,74.361,0.0,3044.0
24.0,30.60221,108.075,74.441,0.0,2983.0
24.0,30.57649,107.869,74.262,0.0,2967.0
24.0,30.58881,107.31,73.375,0.0,2951.0
22.83,28.82496,107.754,73.568,0.0,2657.0
23.0,27.94825,108.031,73.795,0.0,2578.0
24.0,31.15911,105.93,71.562,0.0,2997.0
24.0,31.30501,105.29,71.062,0.0,3021.0
24.0,31.37003,104.811,71.283,0.0,3010.0
23.78,29.85867,105.053,71.868,0.0,2794.0
24.0,31.64254,103.441,70.451,0.0,3059.0
23.83,30.92678,103.219,70.393,0.0,2965.0
24.0,32.07412,102.14,69.867,0.0,3131.0
24.0,32.05167,101.739,69.813,0.0,3135.0
24.0,32.07362,101.299,69.322,0.0,3143.0
24.0,32.04644,100.911,69.074,0.0,3132.0
24.0,32.04522,100.46,69.105,0.0,3140.0
24.0,32.01249,100.124,68.918,0.0,3157.0
24.0,32.08725,99.574,68.253,0.0,3192.0
24.0,32.07839,99.172,67.795,0.0,3172.0
24.0,32.0607,98.793,67.405,0.0,3160.0
24.0,32.12839,98.402,67.011,0.0,3153.0
24.0,32.0421,98.039,66.661,0.0,3131.0
7.48,30.92542,97.897,66.578,0.0,960.0
0.0,26.129375,1.178,1.164,0.0,0.0
1.19,21.33333,92.241,68.207,0.0,73.0
24.0,32.0,97.277,65.742,0.0,3137.0
10.98,30.68261,97.369,66.019,0.0,1431.0
14.03,31.0,98.122,67.129,0.0,1951.0
24.0,29.81203,97.431,66.386,0.0,3061.0
24.0,31.81838,96.658,65.595,0.0,3054.0
24.0,32.00095,96.117,65.052,0.0,3103.0
24.0,32.0812,95.691,64.619,0.0,3111.0
24.0,32.20087,95.14,63.919,0.0,3303.0
24.0,32.2108,94.788,63.121,0.0,3028.0
24.0,32.03321,94.74,63.17,0.0,2999.0
24.0,32.04783,94.544,62.825,0.0,3054.0
24.0,32.00003,94.217,62.791,0.0,3026.0
24.0,31.25186,93.812,62.247,0.0,3003.0
24.0,31.94415,93.622,62.07,0.0,3016.0
12.98,30.88504,93.149,61.656,0.0,1615.0
4.0,25.82296,93.618,63.311,0.0,430.0
21.26,28.7635,83.884,56.138,0.0,2579.0
20.55,32.0605,93.037,61.284,0.0,2494.0
24.0,31.90408,93.0,61.322,0.0,2848.0
9.38,31.65348,92.812,61.079,0.0,1121.0
21.57,31.71874,92.884,61.137,0.0,2448.0
22.71,30.03349,93.021,61.733,0.0,2514.0
24.0,31.48322,92.639,61.001,0.0,2753.0
24.0,31.51978,92.326,60.689,0.0,2752.0
24.0,31.48301,92.169,60.547,0.0,2737.0
24.0,31.48727,91.86,60.253,166.0,2736.0
24.0,30.81425,91.578,59.938,3565.0,2730.0
24.0,31.49891,91.778,60.089,6917.0,2728.0
24.0,31.41246,92.24,60.553,6618.0,2747.0
15.96,31.48973,90.712,58.911,4507.0,1986.0
5.25,25.8431,89.005,60.106,1450.0,547.0
24.0,32.54397,90.862,58.917,6530.0,3012.0
24.0,33.43435,90.67,58.502,6999.0,3168.0
24.0,33.39043,90.772,58.589,6761.0,3164.0
24.0,33.37373,91.06,58.884,7389.0,3173.0
24.0,33.37489,91.371,59.198,8000.0,3189.0
24.0,33.30928,91.716,59.754,6492.0,3187.0
24.0,33.22143,91.807,60.095,7008.0,3177.0
24.0,33.11139,92.103,60.383,7008.0,3171.0
24.0,33.05832,92.397,60.489,7008.0,3171.0
24.0,33.02385,92.779,60.511,7008.0,3188.0
24.0,34.09644,91.579,59.2,7008.0,3416.0
24.0,35.62917,89.612,57.06,7008.0,3702.0
24.0,36.16034,87.644,54.964,7008.0,4002.0
24.0,37.29413,85.868,53.009,7008.0,4253.0
24.0,38.21142,85.746,52.887,7005.0,4280.0
24.0,39.27145,84.427,51.215,7800.0,4440.0
24.0,40.14758,83.448,49.36,7900.0,4583.0
24.0,40.7275,82.829,48.653,8000.0,4677.0
24.0,40.74857,82.84,49.25,8000.0,4689.0
24.0,40.7554,82.928,49.683,8000.0,4688.0
24.0,42.15901,81.264,47.851,8000.0,4886.0
24.0,43.10056,80.171,46.695,8000.0,5013.0
24.0,43.12246,80.22,46.744,7570.0,5018.0
24.0,43.09233,80.202,46.719,6858.0,5019.0
24.0,43.19541,80.173,46.689,6954.0,5034.0
24.0,43.33968,80.017,46.525,7710.0,5046.0
24.0,43.38664,79.961,46.463,7924.0,5053.0
24.0,43.46183,79.97,46.466,7780.0,5066.0
24.0,43.48607,80.16,46.664,7780.0,5072.0
24.0,43.56119,80.2,46.702,7892.0,5086.0
20.19,40.12258,83.323,50.01,6460.0,3869.0
0.0,0.0,1.347,2.335,0.0,0.0
0.5,16.82769,91.39,72.697,0.0,23.0
13.42,42.49382,81.298,47.883,5000.0,4020.0
24.0,43.22176,0.0,33.465,4280.0,5000.0
24.0,43.42171,1.03,32.43,7825.0,5067.0
24.0,43.41881,67.027,33.538,8000.0,5040.0
24.0,43.39667,80.303,46.818,8000.0,5058.0
24.0,43.33411,80.208,46.699,8000.0,5058.0
24.0,43.39009,80.153,46.638,8000.0,5070.0
24.0,43.40013,80.258,46.742,8000.0,5081.0
24.0,43.40572,80.192,46.666,6185.0,5082.0
24.0,43.44772,79.948,46.423,0.0,5087.0
24.0,43.46068,79.4,45.892,2013.0,5060.0
24.0,43.45261,79.035,45.526,8250.0,5032.0
22.67,38.5365,81.689,49.276,6594.0,4332.0
24.0,43.71837,78.75,45.261,9000.0,5088.0
24.0,43.74744,78.834,45.331,8965.0,5102.0
24.0,43.83344,79.166,45.624,8976.0,5103.0
24.0,43.81087,79.36,45.863,8977.0,5135.0
24.0,42.87523,79.475,45.958,8989.0,5141.0
23.5,40.89223,81.984,49.029,7477.0,4722.0
24.0,42.8308,80.459,47.017,8928.0,5038.0
24.0,42.81797,79.815,46.301,8981.0,5147.0
24.0,43.44097,80.054,46.553,9014.0,5115.0
24.0,42.54713,80.106,46.61,9009.0,5124.0
24.0,43.48804,80.39,46.897,8433.0,5135.0
15.83,42.24035,81.195,47.743,6216.0,4233.0
24.0,43.45684,80.422,46.832,8911.0,5126.0
24.0,43.49251,80.495,46.83,2520.0,5076.0
24.0,43.49195,80.21,47.174,8250.0,5121.0
24.0,39.40927,85.724,52.963,9011.0,4372.0
22.67,36.96231,87.226,54.522,7488.0,3981.0
24.0,43.20357,81.132,48.12,9129.0,5115.0
24.0,42.98895,81.397,48.398,8523.0,5084.0
24.0,42.97349,81.315,48.295,8102.0,5081.0
24.0,42.97301,81.278,48.248,9168.0,5086.0
24.0,42.98479,81.353,48.319,8830.0,5088.0
24.0,43.00275,81.501,48.468,9259.0,5095.0
24.0,42.97861,81.671,48.648,9259.0,5096.0
24.0,42.94835,81.571,48.531,9250.0,5094.0
21.35,42.96093,81.684,48.647,3575.0,4622.0
13.17,40.25518,84.282,51.081,1096.0,2856.0
6.31,32.11065,100.155,68.707,295.0,687.0
24.0,47.85813,87.266,54.693,0.0,4169.0
23.25,44.35988,88.715,56.384,0.0,3819.0
24.0,48.69365,83.965,51.32,2275.0,4305.0
24.0,44.46811,89.772,57.626,9000.0,3527.0
24.0,42.87977,91.623,59.569,9065.0,3342.0
24.0,42.0441,92.674,60.734,9047.0,3216.0
24.0,41.69155,93.172,61.224,9180.0,3176.0
24.0,41.65428,93.175,61.259,9048.0,3186.0
24.0,41.6589,93.227,61.325,9155.0,3183.0
24.0,41.65539,93.245,61.335,9135.0,3167.0
24.0,41.66181,93.323,61.426,8498.0,3149.0
24.0,41.66942,93.299,61.019,9204.0,3149.0
24.0,41.69731,93.466,60.962,9177.0,3163.0
24.0,41.6702,93.575,61.046,9056.0,3145.0
24.0,41.64633,93.6,61.052,9255.0,3177.0
24.0,41.63665,93.554,60.996,9274.0,3143.0
24.0,42.95633,92.066,59.623,9274.0,3346.0
24.0,33.33069,98.526,67.01,9247.0,2434.0
24.0,31.97885,97.748,66.2,9165.0,2317.0
24.0,40.14273,95.34,63.475,9175.0,2976.0
24.0,38.32368,90.503,60.195,9175.0,3032.0
24.0,40.23154,95.148,63.244,9222.0,2993.0
24.0,40.14094,94.968,63.084,9226.0,3093.0
24.0,40.22204,94.969,63.066,7773.0,2999.0
7.53,36.88709,95.316,63.382,2788.0,920.0
6.98,28.20086,101.599,69.071,1390.0,808.0
24.0,47.51018,85.512,52.429,9086.0,4060.0
24.0,49.18402,83.477,50.397,9309.0,4349.0
24.0,49.69052,82.623,49.488,8892.0,4412.0
24.0,49.43067,81.469,48.281,9009.0,4418.0
24.0,50.24218,81.25,48.085,9011.0,4449.0
24.0,49.35612,81.954,48.856,9010.0,4354.0
24.0,51.23093,79.843,46.521,9041.0,4499.0
24.0,57.23161,73.128,39.57,9044.0,5479.0
24.0,57.28408,72.646,39.114,6834.0,5444.0
24.0,56.92553,72.445,38.955,8943.0,5374.0
24.0,56.70427,72.134,38.671,9052.0,5315.0
24.0,56.72041,71.474,38.021,9085.0,4981.0
24.0,52.22903,75.738,42.445,7070.0,4450.0
24.0,34.9762,94.166,61.583,9170.0,2050.0
24.0,34.90242,95.056,62.693,8954.0,2059.0
24.0,34.9779,95.885,63.379,9316.0,2080.0
24.0,34.97059,96.513,63.996,9197.0,2090.0
24.0,34.93069,96.966,64.214,8781.0,2093.0
24.0,34.77368,97.253,64.862,1902.0,2084.0
23.83,34.61917,96.79,64.948,4684.0,2087.0
24.0,35.87947,96.191,64.215,3272.0,2190.0
24.0,34.84776,97.034,65.072,5582.0,2059.0
10.5,30.02816,97.603,65.825,5400.0,625.0
24.0,34.25806,97.544,65.589,5572.0,2029.0
9.71,32.68822,97.838,65.908,5270.0,837.0
0.0,32.6258925,106.783,75.044,5473.0,0.0
0.0,32.563565,104.637,80.955,5470.0,0.0
0.0,32.5012375,104.488,83.341,5637.0,0.0
8.5,32.43891,95.422,63.468,5643.0,761.0
24.0,35.50777,97.438,65.365,0.0,2173.0
5.71,30.48369,98.563,66.531,5290.0,500.0
0.0,26.37657,106.922,106.81,4885.0,0.0
23.6,22.26945,97.284,67.13,5520.0,1182.0
24.0,44.18525,87.296,55.037,5468.0,4067.0
24.0,42.83797,87.575,55.429,5331.0,3736.0
24.0,45.71124,85.249,52.932,5473.0,4058.0
24.0,45.8337,84.217,51.923,5902.0,4036.0
24.0,46.24048,82.854,50.512,4099.0,4047.0
24.0,46.28296,81.797,49.494,0.0,4005.0
24.0,46.22387,80.647,48.384,0.0,3937.0
24.0,36.73361,85.064,53.031,0.0,2503.0
24.0,37.12605,84.241,52.099,2678.0,2551.0
24.0,44.88508,79.232,47.041,5705.0,3606.0
22.17,41.21113,79.549,46.452,2030.0,2859.0
18.29,45.30538,76.257,44.1,8541.0,2847.0
24.0,46.17862,75.441,43.172,6958.0,3653.0
24.0,46.37669,74.654,42.381,5962.0,3629.0
24.0,44.14644,76.299,44.116,6165.0,3390.0
24.0,46.80728,73.086,40.826,10876.0,3576.0
24.0,43.36785,75.006,42.793,9966.0,3175.0
24.0,45.0341,74.001,41.871,10121.0,3371.0
24.0,46.55129,72.472,40.216,9976.0,3512.0
24.0,46.62032,72.059,39.901,9387.0,3627.0
24.0,47.28816,71.122,38.805,9498.0,3607.0
24.0,47.31026,70.943,38.626,8750.0,3320.0
24.0,47.34629,70.75,38.446,9985.0,3594.0
24.0,36.54631,77.03,45.137,6136.0,2464.0
24.0,47.0641,70.617,38.394,10879.0,3377.0
22.33,36.34842,78.94,47.628,8514.0,2127.0
24.0,40.82481,77.145,45.629,10433.0,2726.0
24.0,40.82666,77.071,45.501,9214.0,2719.0
24.0,40.82958,77.181,45.615,11361.0,2714.0
24.0,40.84937,77.217,45.677,10283.0,2720.0
24.0,40.91507,76.937,45.239,8821.0,2740.0
24.0,41.85422,75.803,44.149,11378.0,2825.0
24.0,41.78594,75.945,44.27,12064.0,2828.0
24.0,41.78983,75.922,44.265,9790.0,2829.0
24.0,41.8465,76.088,44.438,9092.0,2825.0
24.0,41.82764,76.039,44.348,9093.0,2825.0
24.0,41.82633,76.032,44.346,10582.0,2832.0
19.0,43.57938,72.013,39.899,12885.0,2520.0
24.0,40.26979,77.166,45.503,13586.0,2714.0
24.0,39.72026,78.446,46.947,13664.0,2664.0
24.0,39.54749,78.708,47.204,14230.0,2653.0
24.0,46.54652,72.054,39.881,14179.0,3421.0
24.0,45.94962,72.491,40.403,12384.0,3363.0
24.0,46.54539,71.836,39.648,14429.0,3426.0
24.0,47.30775,71.061,38.803,14878.0,3525.0
25.0,47.94442,70.284,37.889,15421.0,3837.0
24.0,47.80083,70.406,37.949,13768.0,3622.0
24.0,47.51986,70.738,38.383,15298.0,3728.0
23.17,40.55929,75.127,43.094,11830.0,2823.0
24.0,46.26385,72.465,40.241,9171.0,3471.0
24.0,46.82448,71.296,39.058,14160.0,3516.0
22.5,41.04032,74.131,42.027,13113.0,2758.0
24.0,54.13522,65.797,33.293,13977.0,4443.0
24.0,63.6046,57.843,25.237,15077.0,4939.0
24.0,65.91419,56.326,23.477,13182.0,5124.0
24.0,66.81713,55.961,23.077,12605.0,5188.0
24.0,67.27832,55.836,22.942,14407.0,5204.0
24.0,70.74367,54.274,21.302,14370.0,5136.0
24.0,70.75831,54.321,21.333,14947.0,5141.0
24.0,69.84177,54.734,21.743,15116.0,5114.0
24.0,68.19639,55.525,22.557,15012.0,5060.0
24.0,68.21417,55.557,22.593,14949.0,5077.0
24.0,68.20333,55.297,22.322,14675.0,5065.0
24.0,68.23689,55.628,22.661,14621.0,5084.0
24.0,68.26733,55.787,22.802,14941.0,5106.0
24.0,67.78168,55.968,22.991,13485.0,5097.0
24.0,67.73251,55.866,22.898,14681.0,5082.0
24.0,66.33882,56.11,23.145,12876.0,5077.0
24.0,67.76173,55.956,22.973,7991.0,5074.0
24.0,72.56489,53.859,20.77,11733.0,5223.0
23.88,70.34545,54.581,21.558,17645.0,5117.0
18.29,60.75193,60.374,27.226,15316.0,3554.0
24.0,67.74944,56.05,22.604,14269.0,5034.0
24.0,62.84763,59.56,26.143,10915.0,4831.0
24.0,65.97474,56.952,23.743,17570.0,4971.0
24.0,67.96528,56.023,22.764,17640.0,5063.0
24.0,70.48449,55.114,21.774,16677.0,5146.0
24.0,72.35622,54.584,21.182,17574.0,5200.0
24.0,42.02247,78.579,45.609,17370.0,2897.0
24.0,62.31119,62.644,29.426,17652.0,4853.0
24.0,70.24967,56.092,22.637,17521.0,5256.0
24.0,66.29217,59.341,25.978,17190.0,5095.0
24.0,70.49833,57.775,24.34,17648.0,5276.0
24.0,70.10871,56.789,23.285,17589.0,5333.0
24.0,69.73646,57.687,24.192,17605.0,5435.0
24.0,65.06153,60.38,27.016,17436.0,5209.0
24.0,66.46088,59.516,26.082,17638.0,5292.0
24.0,66.66875,60.422,26.959,17581.0,5323.0
24.0,64.09198,62.012,28.596,13668.0,5242.0
24.0,64.53006,61.685,28.246,17447.0,5278.0
24.0,64.69298,61.87,28.427,16779.0,5286.0
24.0,61.63559,64.97,31.687,15906.0,5126.0
24.0,62.64984,63.772,30.402,17013.0,5240.0
24.0,62.66924,64.005,30.623,17657.0,5282.0
24.0,62.66249,64.249,30.854,16566.0,5303.0
24.0,62.79158,64.487,31.075,17527.0,5271.0
24.0,63.25265,64.511,31.048,17432.0,5301.0
24.0,63.25514,64.516,31.0,17273.0,5338.0
24.0,63.24998,64.937,31.407,17550.0,5377.0
24.0,63.32331,65.162,31.611,17636.0,5387.0
24.0,63.34706,65.283,31.71,17580.0,5417.0
24.0,63.3727,65.769,32.181,16875.0,5472.0
24.0,63.35065,65.781,32.177,17367.0,5497.0
24.0,63.08526,66.415,32.814,16442.0,5513.0
24.0,62.44119,67.024,33.434,17254.0,5508.0
24.0,62.03865,68.083,34.519,17589.0,5491.0
24.0,61.7554,68.637,35.069,17517.0,5497.0
24.0,60.50302,68.649,35.033,17517.0,5571.0
24.0,61.28419,69.547,35.95,17564.0,5496.0
24.0,61.2049,70.026,36.423,17583.0,5507.0
24.0,61.21606,70.38,36.741,17504.0,5528.0
24.0,61.21766,70.438,36.762,17458.0,5547.0
24.0,60.62755,71.018,37.351,17156.0,5557.0
24.0,60.21567,71.709,38.047,16812.0,5556.0
24.0,60.29822,71.769,38.076,9273.0,5727.0
24.0,60.69575,71.302,37.603,17515.0,5590.0
24.0,61.31431,71.045,37.309,17623.0,5629.0
22.0,51.6073,77.935,44.564,11842.0,4672.0
24.0,61.22542,72.045,38.244,15674.0,5622.0
24.0,65.33767,68.489,34.512,17385.0,5902.0
24.0,62.67664,71.645,37.667,17272.0,5644.0
24.0,64.08093,70.184,36.254,17327.0,5870.0
24.0,60.46817,73.3,39.55,16883.0,5717.0
24.0,56.38311,77.676,44.193,16573.0,5458.0
24.0,51.45374,82.739,49.585,17468.0,5110.0
24.0,52.76798,81.36,48.075,17329.0,5268.0
24.0,52.00658,82.843,49.639,17289.0,4526.0
24.0,51.76695,83.512,50.318,17312.0,4385.0
24.0,50.13891,85.473,52.339,17341.0,4235.0
24.0,51.30181,84.638,51.445,17404.0,4352.0
24.0,51.79296,84.264,51.016,17585.0,4426.0
24.0,50.83468,85.551,52.382,17574.0,4299.0
23.15,47.84756,87.067,54.007,16702.0,4124.0
23.68,49.86984,86.169,53.08,15520.0,4351.0
24.0,51.99413,84.726,51.458,16800.0,4499.0
24.0,51.80502,85.185,51.856,17262.0,4473.0
24.0,51.79489,85.484,52.193,17305.0,4495.0
24.0,51.38528,86.237,53.003,17318.0,4425.0
24.0,51.34268,86.636,53.406,17302.0,4425.0
24.0,53.13363,84.72,51.348,10314.0,4967.0
24.0,56.4563,80.624,47.033,7130.0,5586.0
24.0,51.02972,86.747,53.581,17136.0,4398.0
24.0,51.03915,86.935,53.777,16889.0,4388.0
24.0,53.20937,84.561,51.215,11376.0,5225.0
24.0,51.12604,86.836,53.646,16609.0,4402.0
24.0,51.14965,87.166,53.945,17245.0,4422.0
24.0,55.02495,82.56,48.994,6355.0,5438.0
24.0,51.27967,86.76,53.5,16204.0,4488.0
24.0,51.32802,86.935,53.659,17196.0,4430.0
15.84,47.92887,90.072,57.031,17198.0,2738.0
21.83,51.28212,87.452,54.152,17187.0,4189.0
24.0,47.63367,92.343,59.353,13254.0,4259.0
24.0,50.5802,88.586,55.349,16998.0,4393.0
24.0,50.85285,88.442,55.213,16440.0,4431.0
24.0,50.8748,88.641,55.408,16578.0,4498.0
22.0,45.4927,92.252,60.04,13705.0,3945.0
24.0,49.79176,90.475,57.379,16865.0,4331.0
24.0,48.75859,91.951,58.944,17190.0,4221.0
22.64,47.31098,92.092,59.082,15535.0,4057.0
24.0,50.82152,89.683,56.452,16889.0,4479.0
24.0,50.25471,90.524,57.35,16303.0,4436.0
24.0,50.1816,90.831,57.652,16774.0,4434.0
24.0,50.22592,91.104,57.93,16964.0,4440.0
24.0,41.98632,100.954,68.068,16920.0,3876.0
24.0,50.3375,91.666,58.445,16825.0,4536.0
24.0,50.28252,91.856,58.636,16453.0,4498.0
24.0,50.32883,92.077,58.852,16295.0,4487.0
22.0,45.39998,96.789,63.896,17005.0,4036.0
24.0,49.45753,93.753,60.602,16904.0,4422.0
24.0,49.20211,94.316,61.185,16997.0,4360.0
24.0,49.40652,94.526,61.385,16971.0,4433.0
24.0,49.85503,94.264,61.062,16958.0,4449.0
24.0,50.75903,93.044,59.709,16935.0,4593.0
24.0,49.46572,93.664,60.35,16921.0,4638.0
24.0,49.90172,94.56,61.322,16274.0,4474.0
11.17,47.95769,96.219,63.256,9318.0,2441.0
24.0,45.16791,100.455,67.575,15025.0,4366.0
24.0,39.79281,111.001,78.629,10058.0,3361.0
24.0,45.9951,101.414,68.479,10014.0,4021.0
18.53,55.0593,86.19,52.33,10786.0,4197.0
21.23,55.1475,87.055,53.281,0.0,4693.0
23.5,43.69805,97.919,64.662,0.0,5414.0
24.0,52.27697,89.313,56.314,0.0,4870.0
19.94,45.52175,89.126,56.128,0.0,3677.0
0.0,39.010875,38.148,38.139,0.0,0.0
6.5,32.5,78.127,68.012,0.0,614.0
13.0,36.1,85.282,59.013,0.0,1409.0
0.0,41.72045,35.354,28.12,0.0,0.0
22.14,47.3409,89.028,56.794,0.0,3449.0
24.0,50.70707,85.149,52.788,0.0,4322.0
24.0,51.37017,82.59,50.423,0.0,4218.0
24.0,53.82318,79.404,46.903,0.0,4441.0
24.0,53.94449,78.506,46.027,0.0,4438.0
24.0,53.95206,77.545,45.082,0.0,4418.0
24.0,53.98404,76.654,44.235,0.0,4353.0
4.19,45.01147,81.691,49.996,0.0,724.0
0.0,41.198076,12.393,11.702,0.0,0.0
0.0,37.384682000000005,18.431,18.044,0.0,0.0
0.0,33.571288,71.026,70.959,6202.0,0.0
0.0,29.757894,79.224,79.187,5579.0,0.0
6.14,25.9445,98.734,65.983,452.0,456.0
24.0,56.99216,74.28,41.306,8340.0,4922.0
24.0,60.94874,69.997,36.905,8848.0,5288.0
24.0,60.98591,69.836,36.756,8672.0,5145.0
24.0,57.46294,72.732,39.88,8613.0,4734.0
24.0,55.71183,74.174,41.46,9041.0,4498.0
24.0,55.80897,73.665,40.94,7835.0,4536.0
24.0,65.20476,65.44,32.23,786.0,5545.0
24.0,68.01265,62.908,29.617,0.0,5678.0
24.0,62.47673,66.241,33.238,7906.0,5144.0
24.0,61.47575,66.566,33.625,6188.0,5238.0
24.0,68.52675,61.219,28.021,468.0,5605.0
24.0,70.54196,59.619,26.396,0.0,5595.0
24.0,69.86612,59.205,26.06,5085.0,5378.0
24.0,65.97469,60.805,27.813,9135.0,4985.0
24.0,66.21553,60.392,27.424,7352.0,4998.0
24.0,69.27777,58.529,25.1,1405.0,5317.0
24.0,65.13956,60.283,27.28,6408.0,5113.0
24.0,63.18433,60.92,28.166,9120.0,4839.0
24.0,68.56318,57.575,24.646,4750.0,5271.0
24.0,80.99091,52.528,19.345,2475.0,5614.0
24.0,67.52922,57.52,24.718,8551.0,4906.0
24.0,65.61035,58.431,25.714,8584.0,4845.0
23.17,54.94723,65.78,33.727,6480.0,4018.0
24.0,64.50499,58.525,25.877,8468.0,4753.0
24.0,65.471,57.693,25.035,8617.0,4790.0
24.0,66.64976,56.618,23.939,8642.0,4814.0
24.0,68.00776,55.713,22.995,8660.0,4856.0
24.0,69.10177,54.918,22.186,10524.0,4871.0
24.0,67.67507,54.652,21.922,12030.0,4883.0
24.0,69.12411,54.625,21.916,12686.0,4842.0
24.0,67.71543,54.663,21.976,14050.0,4860.0
24.0,69.16734,54.802,22.116,13889.0,4861.0
24.0,68.26886,55.063,22.373,13898.0,4814.0
24.0,68.19274,55.043,22.353,13874.0,4813.0
2.48,46.84542,61.977,29.699,3342.0,439.0
20.86,55.12613,63.201,31.736,12629.0,3552.0
23.83,61.36592,60.72,28.173,13441.0,4447.0
24.0,65.69139,57.523,24.843,15921.0,4815.0
24.0,67.30705,56.584,23.844,15871.0,4806.0
24.0,67.723,56.061,23.3,15854.0,4893.0
24.0,64.74121,57.919,25.244,15850.0,4811.0
24.0,63.69264,58.682,26.05,16321.0,4771.0
24.0,62.41749,59.596,26.995,16448.0,4685.0
24.0,62.83735,59.768,27.128,16858.0,4712.0
24.0,62.83598,60.188,27.548,16803.0,4734.0
24.0,62.84241,60.513,27.861,16830.0,4741.0
24.0,62.86171,60.739,28.07,16823.0,4745.0
24.0,62.89483,60.903,28.218,16829.0,5227.0
24.0,62.9077,61.177,28.484,16142.0,5013.0
24.0,62.72837,61.428,28.73,16961.0,5011.0
24.0,62.64841,61.596,28.861,16954.0,5031.0
24.0,62.39298,61.67,28.916,16969.0,5037.0
24.0,58.77508,64.652,32.082,16967.0,4796.0
24.0,58.23547,65.476,32.917,16989.0,4764.0
24.0,59.55904,64.886,32.231,16985.0,4851.0
24.0,60.24002,64.443,31.71,16999.0,4912.0
24.0,60.35382,64.654,31.895,17017.0,4926.0
24.0,60.59892,64.568,31.808,17043.0,4940.0
24.0,63.94534,62.769,29.831,13812.0,5097.0
24.0,67.88406,59.931,26.896,11995.0,5407.0
24.0,67.89739,59.716,26.677,11845.0,5390.0
24.0,69.23057,58.606,25.506,12105.0,5469.0
24.0,69.9521,58.167,25.053,12888.0,5498.0
24.0,70.39383,57.824,24.709,9231.0,5889.0
24.0,71.28654,57.064,23.943,8234.0,5509.0
24.0,72.12178,56.365,23.244,8183.0,5521.0
21.98,57.45767,65.253,33.702,6125.0,3892.0
24.0,68.92041,58.04,25.388,8200.0,5265.0
24.0,71.39343,55.834,23.131,8114.0,5422.0
24.0,71.12014,55.573,22.875,7681.0,5357.0
24.0,71.38611,54.998,22.33,7812.0,5347.0
22.83,62.36388,60.068,27.774,6754.0,4218.0
24.0,70.81818,54.918,22.324,7824.0,4995.0
22.5,61.9154,59.558,27.297,6766.0,4132.0
24.0,65.35384,57.55,25.168,3994.0,4669.0
24.0,73.61629,53.478,20.688,5697.0,4995.0
24.0,85.3303,49.249,16.281,8171.0,5263.0
24.0,85.97281,49.277,16.351,8432.0,5081.0
24.0,86.01115,48.875,15.949,9153.0,5038.0
24.0,85.99326,48.592,15.69,9463.0,5054.0
24.0,85.997,48.357,15.468,9430.0,5123.0
24.0,49.61657,67.242,35.444,9355.0,3422.0
24.0,47.67041,69.4,37.716,9356.0,3345.0
24.0,48.19588,68.611,36.905,9411.0,3394.0
24.0,48.19972,68.679,36.967,9356.0,3400.0
24.0,48.23377,68.901,37.112,9448.0,3234.0
24.0,48.31041,68.97,37.127,9729.0,2864.0
24.0,48.3867,68.913,37.057,10597.0,2727.0
24.0,50.37753,66.92,34.904,10456.0,2724.0
24.0,51.21728,65.785,33.708,10354.0,2794.0
24.0,51.18874,65.71,33.63,10876.0,2789.0
24.0,51.18913,65.864,33.802,10933.0,2775.0
24.0,51.23108,65.869,33.813,10937.0,2766.0
24.0,51.24005,65.804,33.735,10924.0,2762.0
24.0,51.21405,65.82,33.734,10937.0,2747.0
24.0,51.19871,65.903,33.809,10907.0,2746.0
24.0,51.18423,65.696,33.583,9600.0,3415.0
24.0,51.17188,65.699,33.57,9761.0,3404.0
24.0,51.19549,65.742,33.728,9647.0,3501.0
24.0,51.21957,65.75,33.653,9625.0,3500.0
24.0,51.24335,65.709,33.616,9651.0,3486.0
24.0,51.78291,65.258,33.131,9636.0,3514.0
24.0,51.93804,65.225,33.094,9650.0,3523.0
24.0,51.98825,65.243,33.088,9662.0,3564.0
24.0,51.45849,65.741,33.64,9665.0,3514.0
24.0,50.76792,66.409,34.362,9641.0,3451.0
24.0,50.73841,66.271,34.212,7690.0,3446.0
24.0,50.70486,66.354,34.525,15366.0,3450.0
24.0,51.28044,66.344,34.969,16103.0,3396.0
22.17,42.46798,73.222,41.633,10616.0,2808.0
24.0,48.35743,70.349,38.761,16514.0,3444.0
24.0,50.79347,67.854,35.992,16427.0,3714.0
24.0,50.82119,68.674,36.808,16298.0,3721.0
24.0,50.32011,69.713,37.868,16312.0,3682.0
24.0,50.37799,70.213,38.294,16340.0,3689.0
24.0,49.25679,70.53,38.644,16337.0,3737.0
24.0,50.29896,71.263,39.37,16346.0,3719.0
24.0,50.1141,72.333,40.388,16337.0,3704.0
24.0,49.9053,73.105,41.106,16200.0,3734.0
24.0,49.93687,73.859,41.859,16207.0,3742.0
24.0,49.84456,74.276,42.241,16201.0,3755.0
24.0,48.86554,75.972,43.995,16207.0,3693.0
24.0,48.76376,76.898,44.941,12533.0,3691.0
10.66,46.0867,77.955,46.043,15848.0,1632.0
0.25,1.2,108.341,106.035,8438.0,12.0
23.84,53.59996,74.195,41.9,9025.0,4407.0
24.0,61.00185,67.183,34.182,9848.0,4663.0
22.91,62.59172,65.517,32.172,9484.0,4361.0
13.93,40.59908,84.073,51.605,2612.0,2424.0
24.0,58.51604,68.389,34.934,9752.0,4367.0
24.0,60.535,66.126,32.548,10168.0,4438.0
24.0,62.17824,64.363,31.193,10098.0,4446.0
24.0,64.98692,61.91,29.006,10634.0,4594.0
24.0,65.27461,61.317,28.428,10187.0,4549.0
24.0,67.52505,59.517,26.568,8783.0,4639.0
24.0,70.02429,57.901,24.899,12058.0,4722.0
24.0,71.52084,57.106,24.056,15896.0,4767.0
24.0,71.69118,56.692,23.642,16268.0,4783.0
24.0,71.74537,56.937,23.896,16495.0,4779.0
24.0,71.98183,57.218,24.177,16391.0,4795.0
24.0,71.9877,57.338,24.279,16441.0,4801.0
24.0,71.8217,57.489,24.408,16342.0,4794.0
24.0,71.83196,57.482,24.389,14640.0,4795.0
24.0,71.87884,57.56,24.49,16238.0,4788.0
24.0,72.3648,57.442,24.347,16244.0,4817.0
24.0,74.91145,56.308,23.126,16002.0,4951.0
13.99,55.68201,58.484,32.522,7893.0,2666.0
21.34,55.11982,71.062,38.682,14163.0,3734.0
24.0,69.23941,59.351,26.287,15788.0,4690.0
2.16,54.45072,64.079,31.412,16028.0,308.0
0.0,50.131294999999994,87.985,87.98,15920.0,0.0
0.0,45.81187,5.057,4.997,8880.0,0.0
0.0,41.492445,2.469,2.393,0.0,0.0
0.0,37.173019999999994,4.56,4.482,0.0,0.0
0.0,32.853595,45.595,40.384,0.0,0.0
11.58,28.53417,94.16,62.899,14124.0,1279.0
14.34,44.43053,83.294,51.083,15043.0,2441.0
24.0,55.28379,69.356,36.818,15227.0,5054.0
24.0,58.10174,70.254,37.288,16329.0,4574.0
24.0,58.10112,69.994,37.012,16571.0,4355.0
24.0,58.09612,69.95,36.972,15974.0,4341.0
24.0,59.31041,69.0,35.953,12889.0,4393.0
24.0,61.33134,67.3,34.145,16000.0,4477.0
24.0,61.83863,66.909,33.739,16000.0,4490.0
24.0,61.99439,66.925,33.738,16113.0,4464.0
24.0,64.33748,65.814,32.458,15689.0,4526.0
24.0,63.02513,66.256,32.814,16000.0,4512.0
24.0,62.37056,66.883,33.464,14566.0,4465.0
24.0,63.07652,66.546,33.11,16000.0,4492.0
24.0,59.24781,70.577,37.123,16006.0,4154.0
24.0,49.25344,80.124,46.506,16157.0,3306.0
24.0,50.39086,79.161,45.372,15801.0,4207.0
24.0,50.40794,79.208,45.404,16000.0,4199.0
24.0,50.39779,79.128,45.338,16000.0,4323.0
24.0,57.02165,72.772,39.193,16000.0,4685.0
24.0,63.73268,66.634,33.124,16000.0,5058.0
10.83,62.92036,66.459,32.898,7071.0,2273.0
0.5,0.6,112.133,97.735,0.0,32.0
0.0,12.631712499999999,111.525,111.525,0.0,0.0
0.0,24.663425,110.944,110.938,0.0,0.0
0.0,36.6951375,109.249,107.871,0.0,0.0
22.01,48.72685,79.622,46.81,6837.0,3566.0
24.0,61.7281,68.169,34.747,14999.0,4883.0
24.0,62.4508,67.754,34.287,15220.0,5038.0
24.0,62.73293,67.222,33.75,15196.0,5033.0
24.0,62.99446,66.958,33.489,14545.0,5073.0
24.0,52.21294,78.11,45.26,12759.0,4327.0
24.0,55.73965,73.675,40.547,15110.0,4616.0
24.0,55.21491,74.309,41.225,14046.0,4545.0
24.0,54.67597,74.84,41.808,12743.0,4421.0
24.0,53.65323,74.04,41.474,12625.0,4441.0
24.0,54.73307,74.761,41.716,12833.0,4426.0
24.0,55.37482,73.958,40.893,12169.0,4454.0
21.75,52.8236,74.783,41.776,9799.0,3766.0
24.0,53.55954,76.004,43.088,10120.0,4258.0
23.17,45.56181,80.854,47.765,10916.0,3551.0
24.0,59.20931,70.013,36.477,12221.0,4729.0
6.49,58.0862,68.112,34.536,3068.0,1377.0
23.5,52.39205,75.752,42.526,7481.0,4119.0
24.0,53.76611,74.75,41.498,12868.0,4335.0
24.0,54.01077,74.612,41.376,12973.0,4339.0
24.0,54.00859,74.64,41.417,13438.0,4333.0
24.0,54.01376,74.605,41.38,13493.0,4324.0
7.99,53.89996,71.569,38.223,12396.0,1587.0
2.68,24.84367,98.919,74.428,11217.0,167.0
24.83,51.15358,77.558,45.036,12638.0,4190.0
24.0,52.15134,77.127,44.676,13613.0,4307.0
24.0,52.2164,76.806,44.352,13906.0,4313.0
24.0,52.58804,76.344,43.857,13726.0,4348.0
23.33,57.14225,73.894,42.867,12687.0,4275.0
24.0,65.98804,66.114,33.037,13752.0,4958.0
24.0,64.18691,67.413,34.41,13557.0,4841.0
24.0,64.25908,67.046,34.01,13770.0,4852.0
24.0,63.9103,67.387,34.336,13847.0,4829.0
24.0,63.82282,67.276,34.234,13883.0,4817.0
15.5,56.6043,72.21,39.479,9594.0,3154.0
24.0,56.64219,73.38,40.713,13720.0,4435.0
24.0,56.44965,73.582,40.931,13563.0,4404.0
24.0,57.26311,72.679,39.968,13702.0,4448.0
24.0,57.66962,72.129,39.418,13705.0,4471.0
23.33,52.67255,75.365,42.786,12282.0,4090.0
24.0,56.10077,73.947,41.266,13582.0,4245.0
24.0,56.532,72.901,40.222,13690.0,4402.0
24.0,56.93514,72.764,40.077,13697.0,4409.0
24.0,56.80531,72.906,40.203,14170.0,4379.0
24.0,57.36473,72.345,39.632,14148.0,4413.0
24.0,58.30999,71.254,38.507,14404.0,4447.0
24.0,60.35525,69.457,36.538,13872.0,4517.0
24.0,64.94339,65.785,32.393,13498.0,4725.0
24.0,67.05462,63.945,30.453,13891.0,4875.0
24.0,66.7075,64.523,31.081,13705.0,4842.0
23.0,58.02438,70.956,37.86,11735.0,4005.0
24.0,66.73044,64.416,30.974,13601.0,4847.0
24.0,67.05327,64.217,30.755,13482.0,4841.0
21.5,60.94299,68.732,35.494,11285.0,3930.0
22.42,61.22139,68.81,35.404,13132.0,4127.0
24.0,67.11438,64.566,30.792,13758.0,4837.0
24.0,67.09705,64.531,30.582,15443.0,4881.0
24.0,66.04835,63.96,29.993,16235.0,4865.0
24.0,67.84285,63.386,29.424,16140.0,4855.0
24.0,70.09954,61.923,28.204,15262.0,5013.0
24.0,69.29445,61.4,27.693,16015.0,5062.0
24.0,70.52171,61.69,27.99,16149.0,5031.0
24.0,70.5235,61.835,28.125,16293.0,5048.0
24.0,70.71423,61.708,27.979,16014.0,5044.0
24.0,72.76745,60.581,26.796,15990.0,5485.0
24.0,69.45896,63.514,29.83,15996.0,5190.0
24.0,69.43213,62.785,29.113,16078.0,5303.0
24.0,72.92619,60.473,26.67,16063.0,5468.0
24.0,73.07949,60.145,26.347,16102.0,5604.0
24.0,72.90647,60.325,26.539,16079.0,5601.0
24.0,71.95349,60.435,26.664,15978.0,5549.0
24.0,70.91464,60.768,27.032,15899.0,5480.0
24.0,70.74211,60.789,27.062,15872.0,5465.0
23.0,68.15052,62.05,28.395,15831.0,5050.0
24.0,69.88956,61.169,27.453,15738.0,5381.0
24.0,70.57019,61.157,27.442,15715.0,5367.0
24.0,69.9416,61.022,27.307,15729.0,5358.0
22.86,68.83235,61.366,27.975,15003.0,5018.0
23.48,40.8418,88.106,55.781,6434.0,2517.0
15.03,73.50332,58.673,25.164,4991.0,3378.0
20.14,69.73197,62.683,29.156,6743.0,4229.0
24.0,76.15446,57.651,24.001,10298.0,5347.0
24.0,77.30219,56.958,23.293,14713.0,5356.0
24.0,73.54937,58.311,24.733,14768.0,5154.0
24.0,72.07573,58.907,25.372,14803.0,5064.0
24.0,72.52885,58.844,25.307,14070.0,5165.0
24.0,72.72959,58.579,25.016,14644.0,5149.0
24.0,72.93774,58.448,24.881,14083.0,5099.0
24.0,73.33445,58.213,24.642,14725.0,5298.0
24.0,73.61723,58.132,24.563,14732.0,5281.0
24.0,73.73479,58.115,24.548,14734.0,5280.0
24.0,73.4234,58.108,24.53,14721.0,5243.0
24.0,73.83465,58.029,24.472,14812.0,5262.0
24.0,74.12605,57.879,24.327,14857.0,5256.0
24.0,74.23099,57.576,24.019,14759.0,5228.0
24.0,74.06503,57.581,24.026,14661.0,5199.0
24.0,74.13604,57.562,24.008,14731.0,5206.0
24.0,74.09392,57.604,24.06,14777.0,5200.0
24.0,72.82486,57.424,23.877,14481.0,5190.0
24.0,72.94007,57.307,23.779,14629.0,5186.0
22.83,60.41023,67.373,34.555,9996.0,4035.0
24.0,71.87259,58.135,24.397,14586.0,5141.0
24.0,74.67883,57.144,23.37,14907.0,5158.0
24.0,75.14006,57.097,23.327,15196.0,5161.0
24.0,75.04702,56.924,23.176,15853.0,5136.0
24.0,75.24943,56.479,22.75,15917.0,5092.0
24.0,75.23974,56.015,22.334,16015.0,5034.0
24.0,75.16455,55.611,21.97,15895.0,4979.0
24.0,75.23368,55.086,21.477,15983.0,4906.0
24.0,75.15432,54.743,21.168,16087.0,4689.0
24.0,75.17542,54.528,20.975,16048.0,4647.0
24.0,75.19635,54.353,20.89,16068.0,4628.0
24.0,75.25085,54.107,20.68,16001.0,4587.0
24.0,75.24938,53.995,20.578,15861.0,4563.0
24.0,74.02601,54.829,20.888,15786.0,4011.0
24.0,75.26627,54.24,20.827,16019.0,4441.0
24.0,75.26082,54.568,21.249,15971.0,4597.0
23.33,64.59806,61.328,28.382,14323.0,3954.0
24.0,72.12867,56.365,23.146,15845.0,4420.0
24.0,81.16175,52.68,19.363,15886.0,4626.0
24.0,83.68664,51.767,18.414,16027.0,4706.0
24.0,85.11596,51.337,17.96,16100.0,4720.0
24.0,85.23858,51.246,17.882,16156.0,4702.0
24.0,84.21978,51.395,18.064,16171.0,4673.0
24.0,81.74401,52.632,19.327,16023.0,4545.0
24.0,77.16578,53.849,20.525,15551.0,4285.0
24.0,72.82127,57.064,23.973,15604.0,4111.0
24.0,74.07477,55.209,22.063,15768.0,4257.0
24.0,74.03822,55.087,21.944,15790.0,4234.0
24.0,73.20918,56.055,22.937,15509.0,4140.0
24.0,76.25191,53.984,20.752,15528.0,4327.0
24.0,76.21528,53.873,20.648,15469.0,4301.0
24.0,75.99397,54.029,20.82,15421.0,4249.0
24.0,74.47339,54.514,21.323,15445.0,4106.0
24.0,69.93827,57.85,24.925,14513.0,3816.0
24.0,66.40357,59.461,26.589,7717.0,3737.0
13.59,64.48433,55.442,25.094,7579.0,2111.0
13.8,70.47561,57.358,24.228,5889.0,2059.0
24.0,70.73496,57.335,24.208,16248.0,4108.0
24.0,70.76733,56.896,23.81,16304.0,4040.0
22.04,63.0327,63.263,30.235,15201.0,3211.0
24.0,71.58594,56.459,23.307,15759.0,4027.0
24.0,70.8372,55.92,22.757,15999.0,3946.0
24.0,72.83685,55.468,22.288,16154.0,4037.0
24.0,72.93807,55.218,22.04,16398.0,3994.0
23.5,65.90551,59.603,26.729,13279.0,3461.0
24.0,72.29625,55.582,22.718,16321.0,3991.0
18.5,69.43099,55.653,23.452,15728.0,3288.0
19.69,59.27711,64.725,32.165,11325.0,2861.0
17.6,67.01692,55.425,23.937,8333.0,3108.0
0.0,60.838184999999996,111.525,110.612,0.0,0.0
23.5,54.65945,69.361,36.807,6470.0,3466.0
24.0,62.79044,62.183,29.295,7446.0,4145.0
24.0,60.89497,62.929,29.756,7494.0,4026.0
20.83,59.83447,63.129,30.036,8316.0,3445.0
13.34,63.66892,61.283,27.803,5093.0,2406.0
24.0,67.704,57.885,24.286,7624.0,4345.0
24.0,67.80204,56.878,23.32,7444.0,4259.0
23.67,61.12472,60.766,27.458,7091.0,3501.0
15.33,60.39289,59.089,25.798,5418.0,2541.0
24.0,64.27129,56.248,22.852,16368.0,3716.0
24.0,70.19005,53.963,20.461,16503.0,3802.0
24.0,73.66667,52.305,18.751,16470.0,3861.0
24.0,70.74774,53.306,19.804,16237.0,3718.0
24.0,76.12645,51.725,18.157,11915.0,3831.0
24.0,79.85003,50.502,16.882,8807.0,3927.0
24.0,79.99953,50.136,16.56,8860.0,3887.0
24.0,80.07827,49.463,15.915,8864.0,3848.0
24.0,80.64186,48.943,15.442,8848.0,3828.0
24.0,80.91718,48.837,15.391,8926.0,3454.0
24.0,81.15679,48.428,14.997,13310.0,3413.0
24.0,81.33351,48.467,15.06,16387.0,3406.0
24.0,82.18329,48.394,14.966,16418.0,3426.0
24.0,86.566,47.862,14.389,16425.0,3525.0
24.0,89.86449,47.402,13.881,16470.0,3588.0
23.0,92.68756,46.91,13.36,15995.0,3511.0
24.0,99.94708,46.562,13.005,16586.0,3740.0
24.0,99.99982,47.02,13.476,16533.0,3474.0
24.0,97.91667,46.915,13.366,16575.0,3485.0
11.17,38.45268,73.169,41.675,4034.0,787.0
24.0,89.77865,48.306,14.951,15829.0,3408.0
23.5,81.0083,52.827,19.452,15482.0,3187.0
24.0,93.8512,47.552,13.987,16650.0,3495.0
24.0,84.92011,48.459,14.938,16639.0,3429.0
24.0,80.19967,49.458,15.976,16601.0,3342.0
24.0,79.23775,49.365,15.867,16656.0,3330.0
24.0,79.25137,49.279,15.773,16695.0,3198.0
24.0,78.54738,49.347,15.855,10950.0,3170.0
24.0,78.11397,49.315,15.856,8580.0,3148.0
24.0,78.24117,49.206,15.781,8781.0,3124.0
24.0,78.33394,48.938,15.52,8878.0,3108.0
24.0,78.93999,48.487,15.073,8223.0,3100.0
24.0,79.73459,48.066,14.667,8662.0,3215.0
24.0,80.91441,47.589,14.203,8584.0,3220.0
24.0,84.00856,46.965,13.589,8625.0,3259.0
23.33,71.78365,51.16,18.053,8397.0,2865.0
24.0,78.62221,47.449,14.119,8179.0,3151.0
24.0,81.94453,46.791,13.469,6028.0,3191.0
24.0,97.48131,45.462,12.119,6769.0,3404.0
24.0,99.89162,44.876,11.559,7972.0,2969.0
24.0,99.92831,44.708,11.421,1476.0,2950.0
24.0,99.96237,44.401,11.136,16353.0,2903.0
24.0,70.81062,53.35,20.405,16798.0,2516.0
24.0,51.24173,58.768,25.225,16803.0,2154.0
24.0,38.1281,66.61,33.402,17438.0,1635.0
24.0,58.72166,53.952,20.462,18020.0,2508.0
24.0,42.22744,66.662,33.242,17631.0,1793.0
24.0,48.90363,61.224,27.919,16868.0,2119.0
24.0,59.81013,54.019,20.446,17217.0,2574.0
24.0,60.17982,53.867,20.254,17513.0,2588.0
24.0,62.11121,53.071,19.426,15614.0,2641.0
24.0,63.22424,52.555,18.87,13876.0,2659.0
15.5,53.51503,57.877,24.619,14589.0,1523.0
24.0,59.62318,54.161,20.616,15123.0,2574.0
24.0,59.21863,54.62,21.089,16097.0,2531.0
24.0,59.25461,54.606,21.243,16226.0,2494.0
24.0,59.21212,54.387,20.995,16270.0,2482.0
24.0,59.17946,54.418,21.02,16303.0,2475.0
24.0,59.16183,54.5,21.118,16341.0,2766.0
24.0,58.81886,54.634,21.255,16423.0,2749.0
24.0,58.45828,54.975,21.496,16462.0,2712.0
24.0,58.81314,55.007,21.603,16086.0,2666.0
24.0,58.87366,55.19,21.802,16943.0,2702.0
24.0,57.67352,55.136,21.761,16989.0,2697.0
24.0,58.87777,54.981,21.586,17083.0,2685.0
24.0,58.88293,55.064,21.681,17184.0,2670.0
24.0,57.92429,55.836,22.457,17222.0,2640.0
24.0,57.139,56.667,23.354,17185.0,2574.0
24.0,56.29031,57.248,23.966,17177.0,2549.0
24.0,55.33312,57.915,24.687,17228.0,2521.0
24.0,54.84136,58.428,25.232,17252.0,2504.0
24.0,54.86861,58.508,25.3,17336.0,2500.0
24.0,54.90034,58.752,25.504,17355.0,2496.0
24.0,54.70406,58.945,25.692,17408.0,2483.0
24.0,54.61929,59.135,25.877,16495.0,2476.0
24.0,54.65395,59.362,26.105,16580.0,2421.0
21.67,50.13662,61.441,28.295,13761.0,2013.0
24.0,54.79016,58.861,25.633,14159.0,2456.0
24.0,52.54288,61.18,27.928,14290.0,2346.0
24.0,31.88837,81.407,48.397,16169.0,1522.0
24.0,36.96891,78.226,45.374,15825.0,1812.0
24.0,50.25268,65.003,31.954,12026.0,2421.0
24.0,50.47827,64.325,31.263,15920.0,2404.0
24.0,50.90541,64.056,30.997,16434.0,2385.0
24.0,51.06277,63.909,30.828,16531.0,2350.0
24.0,51.24939,63.743,30.664,16096.0,2344.0
24.0,51.58466,63.281,30.166,15520.0,2381.0
24.0,51.74882,63.206,30.085,14378.0,2385.0
24.0,52.01283,62.735,29.612,14230.0,2382.0
24.0,52.05561,62.614,29.493,14705.0,2378.0
24.0,52.13987,62.435,29.295,14092.0,2421.0
24.0,52.20359,62.398,29.267,14137.0,2408.0
24.0,53.34549,61.172,27.973,14702.0,2434.0
22.83,52.76585,61.496,28.349,14152.0,2392.0
24.0,51.82793,62.253,29.164,13845.0,2384.0
24.0,50.93919,63.107,30.07,14302.0,2353.0
24.0,51.94649,62.168,29.074,14353.0,2378.0
24.0,51.98529,62.203,29.098,14123.0,2370.0
22.33,44.69499,67.42,34.34,10926.0,1945.0
24.0,52.79158,60.127,27.032,13956.0,2343.0
24.0,52.84019,60.184,27.061,14042.0,2348.0
24.0,52.34248,60.778,27.832,14186.0,2329.0
24.0,51.92502,61.378,28.322,14185.0,2314.0
24.0,51.38472,61.754,28.713,11023.0,2313.0
24.0,51.19494,61.782,28.748,14706.0,2284.0
24.0,51.25849,61.709,28.7,12702.0,2282.0
24.0,51.31335,61.9,28.891,14411.0,2278.0
24.0,51.31863,61.93,28.925,14443.0,2272.0
24.0,51.32499,61.828,28.811,14463.0,2267.0
24.0,51.28368,61.584,28.558,13944.0,2263.0
24.0,51.29269,61.876,28.862,13690.0,2255.0
24.0,51.6851,61.524,28.613,13613.0,2257.0
24.0,67.6773,51.218,18.422,10882.0,2575.0
24.0,71.93079,49.499,16.643,12779.0,2607.0
24.0,73.82106,48.622,15.72,13726.0,2618.0
24.0,75.34669,47.899,15.004,13813.0,2626.0
24.0,76.92699,47.762,14.878,13874.0,2545.0
24.0,77.92248,47.341,14.441,13893.0,2553.0
24.0,78.83273,47.063,14.166,13679.0,2555.0
22.33,67.48127,52.485,19.954,11660.0,1939.0
24.0,78.43737,46.867,14.087,13545.0,2424.0
24.0,71.05453,50.588,17.687,13636.0,2270.0
24.0,51.12476,58.664,25.73,13661.0,1826.0
24.0,51.22171,58.92,25.974,13545.0,1828.0
24.0,51.3302,59.176,26.24,13523.0,1826.0
24.0,51.23524,59.327,26.391,13522.0,1823.0
24.0,51.22063,59.355,26.436,13528.0,1815.0
24.0,51.18386,59.368,26.443,13326.0,1807.0
24.0,51.19876,59.278,26.331,12933.0,1802.0
24.0,51.30265,59.322,26.388,12921.0,1802.0
24.0,51.15669,59.325,26.378,12975.0,1793.0
24.0,51.13662,59.226,26.296,13194.0,1784.0
24.0,51.13623,59.207,26.275,13476.0,1863.0
24.0,51.21449,59.239,26.295,13497.0,1865.0
24.0,51.26635,59.366,26.44,13301.0,1865.0
24.0,51.26407,59.212,26.26,13303.0,1857.0
24.0,51.2658,59.345,26.396,13287.0,1860.0
24.0,51.26175,59.165,26.229,13281.0,1857.0
24.0,51.31552,59.18,26.227,13276.0,1854.0
24.0,51.02336,59.45,26.506,13276.0,1846.0
24.0,50.9811,59.573,26.646,13241.0,1843.0
24.0,50.9903,59.541,26.608,13246.0,1840.0
24.0,51.03961,59.729,26.803,13257.0,1846.0
24.0,51.06005,59.885,26.945,13277.0,1843.0
24.0,51.09224,59.779,26.83,13274.0,1841.0
22.17,47.34201,60.153,27.314,12074.0,1572.0
24.0,50.95744,58.494,25.676,13590.0,1796.0
22.5,44.77168,61.677,29.155,12602.0,1498.0
24.0,50.91261,58.318,25.965,13761.0,1801.0
24.0,51.02319,58.562,26.194,13679.0,1813.0
24.0,51.05299,58.77,26.391,13511.0,1820.0
24.0,51.07409,58.67,26.278,13359.0,1821.0
24.0,51.18385,58.827,26.441,13235.0,1819.0
24.0,51.26246,58.564,26.172,13244.0,1820.0
24.0,51.30891,58.508,26.122,13262.0,1821.0
23.09,49.59304,59.088,26.823,12829.0,1729.0
0.0,44.72105777777778,2.275,3.456,3956.0,0.0
0.0,39.84907555555556,3.995,0.768,0.0,0.0
0.0,34.977093333333336,4.028,0.851,0.0,0.0
0.0,30.10511111111111,3.538,0.801,0.0,0.0
0.0,25.23312888888889,3.677,0.984,0.0,0.0
0.0,20.361146666666663,3.485,0.894,0.0,0.0
0.0,15.489164444444441,3.448,1.328,0.0,0.0
0.0,10.617182222222219,3.122,2.899,0.0,0.0
0.18,5.7452,102.187,82.577,0.0,0.0
23.5,30.08677,84.388,52.757,7740.0,1070.0
24.0,32.73609,84.875,52.334,8554.0,1242.0
24.0,29.39564,87.166,54.626,7858.0,1126.0
20.42,26.87418,87.013,54.641,8323.0,983.0
24.0,45.57076,70.129,37.842,11813.0,1940.0
24.0,47.71704,66.36,33.915,11849.0,2007.0
24.0,49.73757,62.995,30.396,12165.0,2081.0
24.0,50.54958,61.801,29.199,12230.0,2071.0
24.0,50.79977,61.389,28.452,12321.0,2041.0
24.0,50.80463,61.225,28.159,12441.0,2037.0
24.0,50.78386,60.926,27.848,12717.0,2016.0
24.0,50.80705,60.725,27.686,12870.0,2000.0
24.0,50.84661,60.327,27.297,12940.0,1894.0
24.0,51.32348,59.505,26.584,11752.0,1908.0
24.0,62.176,51.726,19.649,8767.0,2023.0
24.0,64.1697,50.886,18.797,9534.0,1969.0
24.0,69.08174,48.621,16.452,8338.0,2039.0
24.0,72.18922,47.273,15.064,8026.0,2055.0
24.0,70.7713,46.971,14.789,8690.0,2047.0
24.0,70.77175,46.172,14.157,10663.0,2048.0
22.5,59.78046,52.02,20.117,7663.0,1452.0
24.0,74.09559,45.008,13.159,7705.0,1870.0
21.49,64.4609,49.223,16.924,7791.0,1456.0
4.18,39.1369,56.237,24.669,6706.0,172.0
15.66,37.78182,63.85,32.299,7895.0,595.0
0.0,43.367215,33.443,26.065,9575.0,0.0
23.34,48.95261,59.071,27.27,6435.0,1828.0
24.0,54.7847,55.091,22.552,5749.0,2119.0
23.17,51.51316,55.694,23.14,11253.0,1959.0
24.0,55.77891,53.468,20.913,14270.0,2083.0
24.0,55.87806,53.227,20.712,14395.0,2049.0
24.0,56.38509,52.772,20.268,14590.0,2023.0
10.0,42.76418,57.746,26.79,8971.0,545.0
24.0,47.3724,57.541,25.309,10466.0,1549.0
24.0,56.73823,52.648,19.957,16688.0,1975.0
24.0,53.26824,55.144,22.598,17519.0,1895.0
24.0,44.6906,61.49,29.249,14319.0,1400.0
24.0,42.17164,63.387,31.323,12437.0,1146.0
24.0,52.53855,55.759,23.21,13912.0,1836.0
24.0,53.11533,55.126,22.557,12596.0,1847.0
22.0,39.64561,61.898,25.668,9606.0,876.0
24.0,52.63943,54.648,22.113,11957.0,1791.0
24.0,52.70134,54.511,21.96,12515.0,1778.0
24.0,51.59724,54.269,21.707,12517.0,1765.0
24.0,52.87949,54.108,21.532,12888.0,1759.0
24.0,53.02033,53.973,21.401,13094.0,1760.0
24.0,53.13346,53.845,21.273,13153.0,1741.0
24.0,53.18229,53.695,21.125,13172.0,1733.0
24.0,53.28909,53.473,20.9,13176.0,1727.0
24.0,53.33351,53.639,21.065,13198.0,1716.0
24.0,53.42378,53.375,20.776,12260.0,1707.0
24.0,53.55826,52.905,20.317,11234.0,1695.0
24.0,53.77784,52.621,20.036,10603.0,1685.0
24.0,53.84304,52.482,19.904,14393.0,1680.0
24.0,53.91463,52.354,19.982,14448.0,1662.0
24.0,53.91596,52.364,19.827,14096.0,1665.0
24.0,53.95526,52.407,19.817,13064.0,1665.0
24.0,53.5223,52.768,20.201,12697.0,1647.0
24.0,52.48133,53.696,21.233,12779.0,1620.0
24.0,52.32407,53.84,21.384,12847.0,1611.0
24.0,52.27818,53.58,21.15,12865.0,1612.0
24.0,52.19111,53.823,21.514,12884.0,1604.0
24.0,52.50018,53.554,21.173,10790.0,1606.0
25.0,53.11876,52.642,20.099,7220.0,1678.0
24.0,53.18981,52.115,19.606,6858.0,1597.0
24.0,53.30525,52.116,19.579,14009.0,1582.0
24.0,53.30298,51.734,19.19,14419.0,1577.0
24.0,53.34418,51.651,19.119,6931.0,1570.0
24.0,53.21675,51.513,19.016,10942.0,1547.0
24.0,53.17567,51.359,18.857,14721.0,1540.0
24.0,53.43306,51.34,18.862,14982.0,1534.0
20.75,50.10099,52.339,20.027,12519.0,1283.0
24.0,55.84636,48.225,16.213,14096.0,1592.0
24.0,54.01701,49.93,17.859,14166.0,1495.0
24.0,53.2252,51.26,18.718,14463.0,1543.0
24.0,53.23306,51.213,18.434,8984.0,1533.0
24.0,53.24797,51.046,18.28,8285.0,1529.0
24.0,53.22245,50.987,17.91,8459.0,1508.0
3.16,44.68114,53.921,20.522,4831.0,156.0
20.34,48.93088,49.882,17.191,8167.0,1074.0
22.08,48.81379,52.316,19.617,7506.0,1239.0
24.0,51.17313,51.175,18.522,8159.0,1475.0
24.0,51.23891,51.063,18.413,8291.0,1538.0
24.0,52.28503,50.739,18.141,8306.0,1531.0
24.0,52.10602,49.791,17.308,8285.0,1543.0
24.0,53.03917,48.833,16.331,9063.0,1596.0
24.0,54.26448,48.607,16.102,16110.0,1612.0
24.0,54.34793,48.832,16.305,16698.0,1614.0
24.0,54.34033,49.166,16.62,16684.0,1610.0
24.0,54.33144,49.512,16.944,16624.0,1613.0
24.0,54.24016,49.953,17.39,16527.0,1612.0
24.0,54.15442,50.19,17.629,16333.0,1614.0
24.0,53.03458,51.173,18.648,16120.0,1586.0
24.0,52.98703,51.343,18.791,14364.0,1626.0
24.0,52.49132,51.725,19.195,12634.0,1610.0
24.0,52.08495,51.984,19.411,13461.0,1590.0
24.0,52.04647,52.232,19.648,13360.0,1586.0
24.0,52.12508,52.136,19.501,12777.0,1579.0
24.0,51.26091,52.622,19.983,12625.0,1551.0
24.0,50.91861,52.818,20.16,12547.0,1491.0
24.0,50.9449,52.82,20.165,12494.0,1474.0
24.0,50.92559,52.855,20.147,11100.0,1472.0
22.33,48.28611,52.248,19.374,6916.0,1201.0
24.0,52.08388,51.315,18.683,10739.0,1471.0
24.0,52.0692,51.349,18.718,13267.0,1471.0
24.0,52.09,51.297,18.663,13315.0,1477.0
24.0,50.9833,51.372,18.752,13341.0,1467.0
24.0,52.21078,51.565,18.951,13378.0,1483.0
24.0,51.13153,52.309,19.703,13307.0,1454.0
24.0,50.42834,52.871,20.208,12999.0,1445.0
24.0,50.39614,52.879,20.21,12231.0,1441.0
24.0,50.45304,53.097,20.451,12186.0,1442.0
24.0,50.46053,53.01,20.36,12312.0,1435.0
24.0,50.48195,52.917,20.249,12348.0,1440.0
24.0,50.63498,52.794,20.134,12428.0,1451.0
24.0,50.67304,52.797,20.157,12440.0,1457.0
24.0,51.47146,52.21,19.541,12530.0,1494.0
24.0,50.98222,52.602,19.939,12555.0,1479.0
24.0,50.68312,52.801,20.203,12586.0,1465.0
24.0,50.44452,52.982,20.358,12490.0,1455.0
24.0,50.3898,53.174,20.542,12429.0,1448.0
23.0,45.53653,54.894,21.99,10457.0,1174.0
24.0,48.68852,52.414,19.876,8868.0,1365.0
24.0,50.17907,51.85,19.25,13567.0,1433.0
24.0,49.68595,52.273,19.7,14113.0,1417.0
24.0,49.19399,52.799,20.21,12138.0,1401.0
24.0,49.19051,52.821,20.209,12333.0,1445.0
23.5,49.23932,53.032,20.422,12807.0,1468.0
24.0,49.67936,53.672,21.107,12846.0,1496.0
24.0,49.38859,53.895,21.329,12408.0,1490.0
24.0,49.41672,53.608,21.002,12117.0,1489.0
24.0,49.39142,53.705,21.116,12121.0,1494.0
24.0,49.41527,53.786,21.195,12104.0,1494.0
24.0,49.47381,53.575,20.987,12333.0,1494.0
24.0,49.1848,54.2,21.638,12170.0,1471.0
24.0,49.01127,54.028,21.469,11025.0,1459.0
24.0,49.0013,53.984,21.423,13210.0,1486.0
24.0,51.49983,52.313,19.632,12798.0,1535.0
24.0,51.46388,52.376,19.694,13096.0,1510.0
24.0,51.51943,52.569,19.897,12592.0,1508.0
24.0,51.59978,52.679,19.991,12475.0,1507.0
24.0,51.60089,52.477,19.793,12487.0,1442.0
24.0,51.58359,52.22,19.536,12465.0,1435.0
24.0,51.61103,52.158,19.493,12148.0,1430.0
24.0,51.1411,52.445,19.797,11979.0,1403.0
24.0,50.85808,52.589,19.952,12049.0,1416.0
24.0,49.77899,52.585,19.96,11939.0,1400.0
24.0,50.84473,52.571,19.943,12048.0,1391.0
24.0,50.86172,52.478,19.845,12058.0,1393.0
24.0,50.81063,52.446,19.787,12020.0,1377.0
24.0,50.7695,52.35,19.704,12014.0,1379.0
24.0,50.85785,52.302,19.654,11999.0,1376.0
24.0,50.81413,52.401,19.761,12018.0,1379.0
24.0,50.82642,52.273,19.634,12255.0,1400.0
24.0,50.88162,52.516,19.875,11022.0,1400.0
24.0,50.8821,52.471,19.836,11050.0,1380.0
14.78,48.95885,53.196,20.59,12306.0,806.0
14.06,49.06867,45.267,13.766,5231.0,530.0
22.67,54.63644,47.001,14.202,8780.0,1235.0
24.0,55.65661,46.959,14.653,8055.0,1411.0
24.0,54.45897,47.619,15.357,8912.0,1382.0
24.0,54.57079,47.809,15.486,1998.0,1387.0
24.0,53.96256,47.721,15.339,8905.0,1408.0
24.0,54.89679,46.487,13.954,9091.0,1417.0
24.0,55.72854,45.883,13.377,8960.0,1410.0
20.5,55.05146,45.377,13.146,6255.0,1033.0
8.0,50.5428,46.03,13.816,2603.0,445.0
21.25,42.63831,49.749,17.427,7592.0,836.0
24.0,56.2044,45.782,13.426,9811.0,1425.0
24.0,55.87012,45.947,13.577,15226.0,1292.0
24.0,55.29905,46.526,14.213,15920.0,1279.0
24.0,53.99706,47.364,15.086,15960.0,1262.0
24.0,53.99626,47.54,15.254,14940.0,1263.0
24.0,53.99647,47.672,15.391,16059.0,1263.0
24.0,53.32096,48.207,15.886,16093.0,1190.0
24.0,52.39727,48.967,16.692,16162.0,1178.0
24.0,52.15061,49.305,17.001,15197.0,1167.0
24.0,51.21407,50.076,17.775,12739.0,1151.0
24.0,50.84546,50.072,17.666,12717.0,1136.0
24.0,50.81435,49.885,17.44,12646.0,1130.0
24.0,50.53195,50.057,17.636,12698.0,1123.0
24.0,50.57687,49.806,17.384,12655.0,1128.0
24.0,49.7682,50.84,18.489,12188.0,1108.0
24.0,49.43355,51.103,18.719,11972.0,1096.0
24.0,50.07241,50.141,17.714,12031.0,1111.0
24.0,49.90547,50.75,18.338,11744.0,1100.0
24.0,49.84647,50.848,18.453,10001.0,1099.0
24.0,49.8736,51.039,18.655,11887.0,1094.0
24.0,49.82022,51.004,18.595,11348.0,1086.0
24.0,49.79153,50.752,18.317,11608.0,1085.0
24.0,49.9,50.11,17.633,12050.0,1094.0
24.0,49.1369,49.647,17.162,11983.0,1155.0
24.0,57.75394,45.928,13.311,11912.0,1273.0
24.0,59.57717,44.82,12.14,12264.0,1318.0
24.0,59.57874,44.641,11.966,12536.0,1320.0
24.0,60.79844,44.822,12.165,12627.0,1339.0
24.0,60.78648,44.848,12.213,12601.0,1336.0
10.83,58.0,46.408,13.763,5745.0,512.0
24.0,62.36426,42.85,10.281,12486.0,1307.0
24.0,66.7081,42.178,9.533,12489.0,1367.0
24.0,66.98701,42.704,10.052,10954.0,1378.0
24.0,67.75997,42.745,10.075,13590.0,1402.0
24.0,67.91572,42.505,9.824,11899.0,1310.0
24.0,65.74616,42.709,10.06,13123.0,1272.0
24.0,65.23793,42.418,9.76,12246.0,1269.0
24.0,65.48341,42.26,9.48,13334.0,1270.0
24.0,65.43785,42.308,9.614,12628.0,1273.0
23.0,65.42712,42.402,9.702,11270.0,1222.0
24.0,67.94794,42.224,9.515,13033.0,1274.0
24.0,67.98762,42.557,9.844,11861.0,1269.0
24.0,67.85715,42.776,10.08,11843.0,1257.0
24.0,64.95936,40.974,9.69,11521.0,1272.0
24.0,67.92703,42.767,10.09,12117.0,1259.0
24.0,67.91789,42.865,10.193,12238.0,1252.0
24.0,67.93069,42.829,10.161,12242.0,1248.0
24.0,67.99881,42.892,10.204,12238.0,1246.0
23.0,60.78244,44.176,11.529,11235.0,1143.0
24.0,68.57195,41.812,9.152,11181.0,1242.0
24.0,69.69905,41.435,8.772,12223.0,1260.0
24.0,69.93202,41.334,8.625,15690.0,1260.0
24.0,69.92284,41.372,8.689,10057.0,1254.0
24.0,69.88659,41.736,9.055,13090.0,1251.0
24.0,69.99482,41.633,8.93,11653.0,1256.0
24.0,70.03201,41.41,8.711,13652.0,1257.0
22.92,63.69109,42.897,10.823,11668.0,1106.0
24.0,77.21604,40.589,8.165,12344.0,1270.0
24.0,83.02098,40.02,7.549,12563.0,1294.0
24.0,84.85143,39.866,7.364,12579.0,1301.0
24.0,84.92979,39.896,7.392,12596.0,1303.0
24.0,84.93,39.9,7.4,12425.0,1296.0
24.0,84.93,39.9,7.4,12386.0,1293.0
24.0,84.9,39.7,7.2,12370.0,1293.0
24.0,84.9,39.7,7.2,9948.0,1290.0
24.0,84.9,39.7,7.2,12486.0,1288.0
24.0,84.9,39.7,7.2,12878.0,1286.0
24.0,84.9,39.7,7.2,12957.0,1286.0
24.0,84.9,39.7,7.2,12744.0,1283.0
24.0,85.10058,39.7,7.191,12472.0,1280.0
24.0,85.15509,39.716,7.209,12512.0,1281.0
24.0,85.12773,39.867,7.387,12381.0,1248.0
24.0,85.12106,40.088,7.623,12293.0,1247.0
24.0,85.18885,39.721,7.236,12209.0,1245.0
24.0,85.15643,39.71,7.224,12270.0,1244.0
24.0,85.08415,39.855,7.387,12359.0,1242.0
24.0,85.15417,39.692,7.192,12465.0,1238.0
24.0,85.192,39.664,7.172,12506.0,1240.0
24.0,85.09803,39.705,7.219,12362.0,1235.0
24.0,85.07655,39.932,7.465,12189.0,1232.0
24.0,85.09205,40.088,7.615,12266.0,1232.0
24.0,85.09777,40.188,7.74,12392.0,1233.0
24.0,85.03229,40.028,7.573,12416.0,1226.0
24.0,85.04774,39.957,7.513,12456.0,1225.0
18.04,83.15643,40.303,7.81,10617.0,961.0
24.0,85.43563,39.49,7.061,12963.0,1123.0
24.0,86.32394,39.424,6.958,12499.0,1206.0
24.0,86.31287,39.504,7.014,12330.0,1209.0
24.0,86.30069,39.499,7.014,12446.0,1214.0
24.0,86.26375,39.612,7.134,12271.0,1214.0
24.0,86.31611,39.599,7.1,12403.0,1213.0
24.0,86.29319,40.0,7.508,12384.0,1202.0
22.0,70.69235,42.93,10.688,11126.0,920.0
24.0,92.54015,38.741,6.29,12308.0,1158.0
24.0,95.76452,38.725,6.244,10288.0,1206.0
24.0,95.73104,38.759,6.248,10685.0,1204.0
24.0,95.80195,38.831,6.328,14618.0,1227.0
24.0,95.81845,38.682,6.179,12595.0,1237.0
24.0,95.91587,38.58,6.07,12374.0,1239.0
24.0,95.92046,38.795,6.286,12483.0,1232.0
24.0,96.03925,38.506,5.978,12505.0,1230.0
24.0,96.10632,38.826,6.286,12543.0,1229.0
24.0,91.69211,39.448,6.946,12276.0,1215.0
24.0,90.00148,39.537,7.042,12114.0,1210.0
24.0,90.1251,39.338,6.838,12101.0,1208.0
24.0,88.21506,39.758,7.286,12154.0,1207.0
19.59,77.82299,40.604,9.141,11060.0,877.0
24.0,85.00999,37.693,5.577,12312.0,1098.0
24.0,89.90855,37.029,5.574,12403.0,1144.0
24.0,89.92147,37.136,5.633,12415.0,1152.0
24.0,88.07468,37.212,5.71,12374.0,1134.0
24.0,89.9259,37.502,5.591,12336.0,1134.0
24.0,89.94678,38.294,5.841,12167.0,1130.0
24.0,89.95908,38.292,5.847,12157.0,1134.0
24.0,89.93659,38.135,5.669,12152.0,1135.0
24.0,89.91496,38.025,5.74,12028.0,1136.0
24.0,89.93971,38.112,5.693,11997.0,1142.0
24.0,89.95048,38.473,6.014,12006.0,1145.0
24.0,89.9385,38.184,5.69,12006.0,1145.0
24.0,89.95133,38.248,5.798,12093.0,1143.0
24.0,89.9616,38.887,5.769,12088.0,1107.0
24.0,89.93697,38.41,5.539,11963.0,1119.0
24.0,89.94488,38.21,5.752,12396.0,1144.0
24.0,89.92158,38.082,5.575,12274.0,1144.0
11.68,84.79983,39.058,6.587,5665.0,656.0
0.0,82.69239,87.828,87.73,0.0,0.0
0.0,80.58494999999999,87.825,87.727,0.0,0.0
24.0,78.47751,39.159,7.994,10699.0,910.0
7.68,92.13047,36.392,4.941,4013.0,398.0
8.8,66.41891,38.718,6.819,3396.0,263.0
8.84,92.41013,37.176,5.637,4664.0,472.0
0.0,85.12017,88.317,88.317,0.0,0.0
4.24,77.83021,37.569,5.304,2980.0,188.0
16.18,91.71238,37.531,5.658,8289.0,922.0
0.0,89.95832999999999,90.005,66.689,397.0,0.0
23.0,88.20428,37.314,6.041,10331.0,787.0
18.01,88.14141,38.142,6.508,9351.0,1080.0
0.0,66.63583333333332,94.209,94.195,0.0,0.0
0.0,45.13025666666666,94.104,94.091,0.0,0.0
3.08,23.62468,61.835,36.874,739.0,109.0
11.18,75.81036,39.429,7.936,5658.0,547.0
0.0,76.56311666666667,91.093,71.754,0.0,0.0
0.0,77.31587333333333,93.943,76.051,0.0,0.0
21.0,78.06863,39.149,7.522,11090.0,1207.0
24.0,66.65214,41.457,9.899,13142.0,1347.0
6.84,61.27352,43.694,12.222,3657.0,402.0
0.0,65.17060666666667,95.851,74.193,0.0,0.0
0.0,69.06769333333334,95.556,75.237,0.0,0.0
17.4,72.96478,39.666,8.102,8219.0,924.0
20.68,64.64253,41.952,10.436,10730.0,1197.0
0.0,64.500925,95.244,72.224,0.0,0.0
4.33,64.35932,40.226,8.787,3270.0,231.0
24.0,65.8401,41.483,9.949,12698.0,1364.0
2.01,45.73178,47.505,16.199,937.0,114.0
0.0,49.161344,95.311,95.311,0.0,0.0
0.0,52.590908,95.527,95.527,0.0,0.0
0.0,56.020472000000005,96.618,96.618,0.0,0.0
0.0,59.450036000000004,99.563,99.563,0.0,0.0
6.99,62.8796,40.808,9.305,2494.0,383.0
24.0,66.53868,41.606,10.143,12667.0,1456.0
22.33,65.89458,42.226,10.791,13209.0,1290.0
24.0,74.62771,40.728,8.968,14240.0,1497.0
24.0,75.96469,40.29,8.571,13669.0,1472.0
24.0,76.32283,40.017,8.367,11462.0,1450.0
24.0,87.5507,38.738,7.056,13013.0,1490.0
24.0,94.82651,38.184,6.519,13091.0,1485.0
24.0,94.81149,38.063,6.424,12665.0,1464.0
24.0,94.85547,38.169,6.565,12489.0,1439.0
24.0,94.88362,38.045,6.438,12470.0,1419.0
24.0,98.08697,37.546,5.906,12297.0,1406.0
24.0,99.82332,37.585,5.993,12140.0,1384.0
24.0,99.85022,37.273,5.871,12157.0,1364.0
24.0,99.84315,37.074,5.758,12219.0,1354.0
24.0,99.87968,37.049,5.746,12146.0,1346.0
24.0,99.91859,37.349,6.075,12221.0,1333.0
24.0,99.91125,37.252,5.967,12266.0,1321.0
24.0,99.92399,36.982,5.71,12301.0,1311.0
24.0,99.92227,36.946,5.67,12346.0,1305.0
24.0,99.89973,37.192,5.925,12038.0,1286.0
23.16,95.29138,37.575,6.365,11693.0,1216.0
23.01,71.7809,40.324,8.949,10752.0,941.0
24.0,85.80747,37.048,5.906,11972.0,1199.0
24.0,85.88355,37.478,6.277,11884.0,1205.0
24.0,83.02473,37.472,6.273,11893.0,1197.0
24.0,79.68205,37.639,6.451,11750.0,1186.0
24.0,79.70419,37.64,6.468,11428.0,1181.0
24.0,79.05914,37.704,6.513,11735.0,1173.0
24.0,76.30572,38.369,7.221,11945.0,1154.0
24.0,76.18076,38.273,7.136,12030.0,1151.0
24.0,76.15487,38.063,6.89,11988.0,1150.0
24.0,76.16271,38.217,7.06,12002.0,1147.0
24.0,76.19121,38.366,7.18,12078.0,1143.0
24.0,73.73378,38.264,7.101,12100.0,1143.0
24.0,71.54419,38.446,7.313,12168.0,1126.0
24.0,70.20736,38.681,7.563,12129.0,1115.0
24.0,70.24544,38.821,7.705,12154.0,1108.0
24.0,70.2616,39.122,8.027,12157.0,1104.0
24.0,70.2637,39.138,8.022,12036.0,1105.0
11.0,66.39201,38.124,7.212,10447.0,337.0
24.0,80.86117,36.415,5.331,9038.0,1065.0
24.0,82.02015,36.571,5.506,12128.0,1086.0
24.0,82.05558,36.648,5.594,10318.0,966.0
24.0,80.77623,37.154,6.132,10976.0,955.0
24.0,80.30645,37.19,6.195,13969.0,957.0
24.0,80.30645,37.19,6.195,14311.0,962.0
24.0,79.68463,37.385,6.292,14397.0,955.0
24.0,79.08963,37.507,6.401,13356.0,934.0
24.0,76.50591,37.542,6.42,12531.0,904.0
24.0,72.44141,38.057,6.957,12083.0,886.0
24.0,69.06533,38.811,7.774,11964.0,873.0
24.0,68.30723,38.983,7.952,12039.0,869.0
24.0,68.15848,38.919,7.879,12091.0,868.0
24.0,68.12665,39.001,7.972,12113.0,866.0
24.0,68.10801,39.027,7.988,12126.0,973.0
24.0,65.18425,38.155,7.134,12134.0,955.0
24.0,68.13614,38.991,7.973,10064.0,969.0
24.0,68.12498,38.776,7.741,12373.0,965.0
24.0,69.29806,38.471,7.415,12567.0,970.0
24.0,70.03838,38.602,7.529,12656.0,975.0
24.0,70.04253,38.684,7.621,12385.0,971.0
24.0,70.04737,38.715,7.63,12381.0,969.0
24.0,70.06884,38.43,7.364,12364.0,967.0
12.99,35.88393,40.498,9.38,6125.0,441.0
13.0,47.88823,33.976,7.683,5403.0,352.0
24.0,99.82668,33.888,5.01,12148.0,938.0
24.0,95.92952,34.338,5.213,12191.0,967.0
24.0,74.72228,36.975,5.849,12136.0,943.0
24.0,77.74131,36.773,5.609,12085.0,959.0
24.0,77.76815,36.96,5.824,12047.0,968.0
20.0,57.59778,37.341,6.537,9146.0,654.0
15.67,50.52238,37.702,6.781,7895.0,608.0
0.0,1.26208,85.583,85.583,0.0,0.0
0.0,1.31622,85.314,85.314,0.0,0.0
0.0,1.15711,86.834,86.834,0.0,0.0
0.0,1.14383,85.901,85.901,0.0,0.0
0.0,1.15283,90.874,90.874,0.0,0.0
0.0,1.12524,97.039,97.039,0.0,0.0
0.0,1.18688,122.146,122.146,0.0,0.0
0.0,1.19326,124.123,124.123,0.0,0.0
0.0,1.19326,124.123,124.123,0.0,0.0
0.0,1.19326,124.123,124.123,0.0,0.0
0.0,1.1743,121.324,121.324,0.0,0.0
0.0,1.13963,110.606,110.571,0.0,0.0
0.0,1.68076,72.093,50.627,0.0,0.0
0.0,1.26956,113.852,93.456,0.0,0.0
0.0,1.32735,117.649,92.014,0.0,0.0
0.0,1.32425,116.206,97.27,0.0,0.0
6.5,16.50907,63.744,25.016,3859.0,223.0
24.0,99.57185,34.959,3.86,10560.0,1147.0
24.0,85.26438,36.793,5.889,12256.0,1174.0
24.0,75.75713,37.893,6.952,12049.0,1176.0
24.0,72.90573,38.419,7.474,12075.0,1187.0
24.0,72.16137,38.587,7.673,12097.0,1209.0
11.64,34.91368,39.446,8.587,5885.0,595.0
14.03,41.30791,38.445,7.073,6879.0,535.0
24.0,83.80292,37.263,5.672,12094.0,1220.0
24.0,83.7991,37.364,5.694,12189.0,1219.0
24.0,80.40493,37.713,6.055,12234.0,1205.0
24.0,79.13834,38.008,6.342,12273.0,1183.0
24.0,79.14069,38.099,6.466,12252.0,1176.0
24.0,78.5745,38.151,6.478,12119.0,1164.0
24.0,78.32404,38.044,6.377,12179.0,1151.0
24.0,78.35896,38.107,6.484,12226.0,1139.0
24.0,78.24478,38.194,6.565,12259.0,1128.0
24.0,78.22515,38.098,6.481,12298.0,1116.0
24.0,78.21378,38.081,6.443,12310.0,1103.0
23.48,73.99738,38.575,6.957,11905.0,1050.0
19.69,63.20914,35.96,4.445,10772.0,688.0
20.97,58.16547,39.694,8.013,9324.0,780.0
14.36,47.62322,37.613,6.071,8263.0,551.0
4.56,14.41105,40.254,8.746,2252.0,68.0
19.0,55.27176,39.31,7.566,9161.0,761.0
14.31,44.1499,39.035,7.416,7151.0,602.0
0.0,15.447,75.692,67.426,2858.0,0.0
24.0,71.67941,38.674,7.263,12124.0,1143.0
24.0,59.18717,41.849,10.482,12547.0,1055.0
4.31,10.08241,46.144,14.026,2199.0,0.0
24.0,68.16943,38.431,6.934,11968.0,1096.0
24.0,58.55391,41.504,9.922,11921.0,1057.0
21.14,54.91275,40.915,9.34,10456.0,972.0
16.73,42.67975,40.769,9.581,7528.0,607.0
24.0,65.86919,39.736,8.117,12123.0,1119.0
24.0,64.65432,40.037,8.393,12185.0,1101.0
24.0,62.80017,40.247,8.655,12215.0,1076.0
24.0,64.13972,40.234,8.63,12232.0,1077.0
24.0,64.17091,40.148,8.536,12229.0,1070.0
17.98,48.50019,40.437,8.874,9095.0,780.0
0.0,0.32705,79.995,62.299,57.0,0.0
17.0,49.95638,38.688,8.315,8557.0,560.0
10.48,35.85325,38.002,6.812,5368.0,484.0
0.0,5.28331,81.38,55.573,896.0,0.0
24.0,68.99412,38.02,6.78,11687.0,1047.0
24.0,70.01692,38.996,7.69,11747.0,1084.0
24.0,69.31293,39.231,7.907,11816.0,1073.0
23.39,65.71291,40.009,8.726,11491.0,1019.0
2.75,5.33512,60.5,29.472,1324.0,76.0
24.0,71.03925,37.464,6.003,10852.0,1183.0
24.0,67.15653,39.592,8.022,12756.0,1176.0
24.0,61.30555,41.184,9.575,11896.0,1104.0
24.0,62.39624,40.951,9.33,11698.0,1128.0
24.0,62.8485,40.702,9.056,10603.0,1145.0
24.0,62.89471,40.555,8.914,12808.0,1134.0
13.18,34.16807,41.541,9.984,6226.0,492.0
18.0,45.18639,39.582,7.098,9104.0,503.0
24.0,66.81039,39.644,7.095,11214.0,1100.0
24.0,67.219,39.929,7.383,14044.0,1096.0
16.34,45.71292,40.932,8.481,8143.0,684.0
14.0,39.60947,49.211,4.409,8145.0,432.0
24.0,80.59201,37.544,6.838,11838.0,1088.0
24.0,99.80074,35.696,6.1,8967.0,1248.0
24.0,99.94769,35.909,6.301,5657.0,1161.0
24.0,100.0,36.082,6.187,5772.0,1377.0
24.0,100.0,35.531,6.11,9049.0,1192.0
24.0,100.0,35.138,6.111,9744.0,1028.0
24.0,100.0,35.163,6.135,11697.0,1014.0
24.0,100.0,35.484,6.299,11954.0,992.0
24.0,100.0,35.814,5.69,10685.0,971.0
24.0,100.0,36.134,5.157,9761.0,972.0
24.0,100.0,36.512,5.56,9936.0,1028.0
24.0,100.0,35.953,6.046,9954.0,1028.0
16.76,73.70813,35.749,6.751,8001.0,683.0
24.0,100.0,39.398,10.408,12632.0,798.0
24.0,99.80149,34.856,5.74,12341.0,950.0
24.0,99.84113,34.53,5.523,9624.0,958.0
24.0,99.98683,34.692,5.657,9661.0,972.0
24.0,100.0,34.699,5.666,9688.0,949.0
24.0,100.0,34.757,5.72,9699.0,944.0
24.0,100.0,34.708,5.668,10127.0,944.0
24.0,100.0,34.846,5.748,9951.0,937.0
24.0,100.0,34.878,5.812,9793.0,929.0
24.0,100.0,34.783,5.732,9701.0,919.0
24.0,100.0,34.965,5.923,9741.0,926.0
24.0,100.0,34.786,5.716,9716.0,921.0
24.0,100.0,34.957,5.821,9710.0,924.0
24.0,100.0,34.817,5.679,9716.0,919.0
24.0,100.0,34.672,5.54,9737.0,916.0
24.0,100.0,34.604,5.473,9768.0,914.0
24.0,100.0,34.821,5.707,9639.0,912.0
24.0,100.0,34.868,5.739,9741.0,909.0
24.0,100.0,34.686,5.561,9758.0,907.0
24.0,100.0,34.623,5.505,9780.0,904.0
24.0,100.0,35.018,5.409,9764.0,897.0
24.0,100.0,34.777,5.587,9787.0,896.0
24.0,100.0,34.966,5.875,9790.0,892.0
24.0,100.0,34.89,5.787,9814.0,887.0
24.0,100.0,34.652,5.539,9836.0,882.0
24.0,100.0,34.889,5.785,9848.0,877.0
24.0,100.0,34.784,5.657,9870.0,877.0
24.0,100.0,34.779,5.659,9893.0,873.0
24.0,99.9876,34.885,5.772,9900.0,872.0
24.0,99.86995,34.455,5.448,9897.0,871.0
24.0,100.0,34.477,5.377,9918.0,866.0
24.0,100.0,34.469,5.369,9916.0,866.0
22.0,83.38775,34.412,5.716,8536.0,736.0
24.0,99.77785,34.304,5.489,9142.0,855.0
23.42,90.45072,36.62,7.731,9074.0,760.0
24.0,99.85289,34.422,5.582,10755.0,842.0
24.0,99.96306,34.41,5.536,10017.0,850.0
24.0,97.91464,34.379,5.51,10025.0,850.0
24.0,100.0,34.64,5.78,7957.0,855.0
24.0,100.0,34.638,5.782,10069.0,856.0
24.0,100.0,34.596,5.747,10137.0,855.0
24.0,100.0,34.46,5.614,10164.0,855.0
24.0,99.84342,34.804,5.401,9813.0,806.0
24.0,90.30597,36.052,5.362,8944.0,968.0
23.0,87.2933,36.492,5.626,7859.0,807.0
24.0,89.16941,36.457,5.429,7361.0,855.0
24.0,92.28502,35.862,5.467,7651.0,938.0
24.0,100.0,34.514,5.637,10161.0,880.0
24.0,99.94437,34.493,5.614,8181.0,871.0
24.0,100.0,34.466,5.591,10040.0,845.0
24.0,100.0,34.499,5.627,9939.0,839.0
24.0,100.0,34.457,5.582,9982.0,834.0
24.0,100.0,34.427,5.541,10032.0,829.0
24.0,100.0,34.55,5.678,10033.0,837.0
24.0,100.0,34.595,5.454,10189.0,834.0
24.0,100.0,34.545,5.678,10293.0,833.0
24.0,100.0,34.36,5.488,10202.0,830.0
24.0,100.0,34.37,5.492,10177.0,827.0
24.0,100.0,34.71,5.844,10201.0,820.0
24.0,100.0,34.619,5.732,10115.0,818.0
24.0,100.0,34.527,5.628,10096.0,831.0
24.0,100.0,34.278,5.379,10099.0,831.0
24.0,100.0,34.301,5.413,10105.0,826.0
24.0,100.0,34.43,5.557,10117.0,836.0
24.0,100.0,34.312,5.438,10115.0,832.0
24.0,100.0,34.351,5.484,10123.0,827.0
24.0,100.0,34.35,5.485,10119.0,825.0
24.0,100.0,34.672,5.817,10118.0,822.0
24.0,100.0,34.506,5.638,10600.0,812.0
24.0,100.0,34.628,5.766,9088.0,811.0
24.0,100.0,34.777,5.923,10739.0,809.0
24.0,100.0,34.572,5.71,7613.0,821.0
24.0,100.0,34.528,5.665,10801.0,821.0
24.0,100.0,34.507,5.64,10817.0,816.0
24.0,100.0,34.431,5.559,10843.0,814.0
24.0,100.0,34.469,5.602,8024.0,814.0
24.0,100.0,34.348,5.476,10815.0,811.0
24.0,100.0,34.195,5.326,10850.0,806.0
14.29,61.46928,34.318,6.176,9189.0,414.0
24.0,98.32028,33.116,4.196,8040.0,707.0
24.0,97.73337,33.535,4.593,10740.0,739.0
24.0,99.91721,33.49,4.527,10786.0,752.0
24.0,100.0,33.605,4.616,10637.0,755.0
24.0,100.0,33.671,4.662,9041.0,751.0
24.0,100.0,33.731,4.935,7588.0,756.0
24.0,100.0,33.82,4.805,9017.0,758.0
24.0,100.0,33.83,4.821,10842.0,760.0
24.0,100.0,33.966,4.964,10791.0,716.0
24.0,100.0,34.235,5.237,7973.0,722.0
24.0,100.0,33.846,4.79,8914.0,722.0
24.0,100.0,33.962,4.89,10833.0,720.0
24.0,100.0,33.831,4.761,8941.0,719.0
24.0,100.0,33.923,4.774,10461.0,728.0
24.0,100.0,34.232,5.176,10475.0,728.0
24.0,100.0,34.175,5.097,10896.0,728.0
24.0,100.0,33.819,4.74,10883.0,726.0
24.0,100.0,33.945,4.869,10919.0,724.0
24.0,100.0,33.927,4.847,10924.0,726.0
24.0,100.0,33.901,4.813,10183.0,726.0
24.0,100.0,33.923,4.838,8732.0,727.0
24.0,100.0,34.047,4.972,8842.0,746.0
24.0,100.0,33.95,4.872,10891.0,746.0
17.69,76.29265,35.036,6.545,8154.0,466.0
24.0,99.84263,33.677,4.857,10775.0,692.0
24.0,99.9664,33.876,5.109,8460.0,711.0
24.0,100.0,33.912,5.121,8262.0,716.0
24.0,100.0,33.693,4.866,10899.0,723.0
24.0,100.0,33.729,4.887,10963.0,730.0
24.0,100.0,33.765,4.922,10966.0,736.0
24.0,100.0,33.85,5.004,7948.0,739.0
24.0,100.0,33.865,5.018,10936.0,735.0
24.0,100.0,33.871,5.022,10957.0,735.0
24.0,100.0,33.947,5.101,8221.0,735.0
24.0,100.0,33.945,5.098,9247.0,734.0
24.0,100.0,33.913,5.071,10940.0,730.0
24.0,100.0,33.93,5.084,10969.0,729.0
24.0,100.0,33.992,5.034,10464.0,727.0
24.0,100.0,34.354,5.514,7882.0,730.0
24.0,100.0,34.428,5.599,10406.0,746.0
24.0,100.0,34.224,5.386,10936.0,744.0
24.0,100.0,34.071,5.221,10969.0,743.0
24.0,100.0,33.937,5.065,9044.0,746.0
24.0,100.0,34.01,5.038,8917.0,736.0
24.0,100.0,33.951,5.094,10973.0,742.0
23.33,100.0,35.692,6.855,9794.0,632.0
24.0,99.97911,33.552,4.693,11149.0,715.0
24.0,100.0,33.865,4.996,8929.0,724.0
24.0,100.0,33.811,4.917,7154.0,730.0
24.0,100.0,33.759,4.863,11040.0,732.0
24.0,100.0,33.785,4.895,10952.0,731.0
24.0,100.0,33.989,5.108,10986.0,732.0
16.0,56.59742,48.992,7.775,6854.0,376.0
24.0,99.71172,32.851,3.876,9525.0,640.0
24.0,100.0,33.432,4.426,8353.0,672.0
24.0,100.0,33.577,4.552,8340.0,685.0
24.0,100.0,33.581,4.534,8238.0,690.0
24.0,100.0,33.292,4.248,9265.0,693.0
24.0,100.0,33.314,4.273,10772.0,693.0
24.0,100.0,33.34,4.292,10798.0,646.0
24.0,100.0,33.591,4.544,10825.0,649.0
24.0,100.0,33.926,4.878,10883.0,652.0
24.0,100.0,33.947,4.891,9112.0,652.0
24.0,100.0,33.877,4.815,8557.0,657.0
24.0,100.0,33.568,4.507,10600.0,671.0
24.0,100.0,33.689,4.65,10893.0,671.0
24.0,100.0,33.807,4.77,10912.0,670.0
24.0,100.0,33.836,4.801,8713.0,671.0
24.0,100.0,33.645,4.594,8753.0,670.0
24.0,100.0,33.547,4.474,8808.0,672.0
24.0,100.0,33.665,4.601,10104.0,671.0
24.0,100.0,33.549,4.47,10932.0,688.0
24.0,100.0,33.597,4.517,10942.0,686.0
24.0,100.0,33.63,4.55,9044.0,686.0
24.0,100.0,33.632,4.545,8820.0,688.0
24.0,100.0,33.639,4.552,8921.0,691.0
24.0,100.0,33.627,4.542,10956.0,690.0
24.0,100.0,33.826,4.746,10983.0,689.0
24.0,100.0,33.674,4.596,10660.0,690.0
24.0,100.0,33.7,4.622,9219.0,690.0
24.0,100.0,33.804,4.727,9250.0,690.0
24.0,97.91667,33.717,4.64,9046.0,691.0
24.0,100.0,33.691,4.617,9780.0,689.0
24.0,100.0,33.724,4.654,11021.0,689.0
24.0,100.0,34.091,5.037,11035.0,688.0
24.0,100.0,34.071,4.999,8580.0,689.0
24.0,100.0,33.897,4.833,8878.0,690.0
24.0,100.0,33.642,4.567,8860.0,688.0
24.0,100.0,33.599,4.536,8866.0,687.0
24.0,100.0,33.878,4.828,9116.0,685.0
24.0,100.0,33.856,4.79,11833.0,683.0
24.0,100.0,33.967,4.915,12170.0,685.0
24.0,100.0,33.874,4.803,10667.0,699.0
24.0,100.0,33.652,4.567,8657.0,703.0
24.0,100.0,33.877,4.82,8415.0,700.0
24.0,100.0,33.859,4.801,8221.0,699.0
24.0,100.0,33.834,4.779,9602.0,698.0
24.0,100.0,33.603,4.527,12951.0,694.0
24.0,100.0,33.709,4.636,13022.0,691.0
24.0,100.0,33.711,4.628,9767.0,696.0
24.0,100.0,33.727,4.641,8623.0,697.0
24.0,100.0,33.723,4.644,8656.0,697.0
24.0,100.0,33.691,4.623,8633.0,694.0
24.0,100.0,33.083,4.826,8523.0,698.0
24.0,100.0,32.465,5.077,12550.0,702.0
24.0,99.99992,32.422,5.32,10165.0,698.0
0.63,21.99157,50.951,21.297,5021.0,633.0
0.0,1.24853,2.404,2.225,0.0,0.0
0.0,15.31057,2.356,2.294,0.0,0.0
0.0,38.44189,2.289,2.27,0.0,0.0
0.0,0.13821,2.134,2.108,0.0,0.0
0.0,0.05399,2.05,2.025,0.0,0.0
0.0,1.01499,1.978,1.945,0.0,0.0
0.0,14.79343,1.939,1.89,0.0,0.0
0.0,14.1733,1.91,1.859,0.0,0.0
0.0,13.80923,1.906,1.854,0.0,0.0
0.0,12.07724,1.892,1.825,0.0,0.0
0.0,6.99108,1.881,1.827,0.0,0.0
0.0,0.0,1.943,1.781,0.0,0.0
0.0,0.69,2.132,2.009,0.0,0.0
0.0,0.98339,1.849,1.726,0.0,0.0
0.0,1.02776,1.734,1.617,0.0,0.0
0.0,1.02472,1.585,1.482,0.0,0.0
0.0,0.97073,1.554,1.437,0.0,0.0
0.0,0.87842,1.501,1.379,0.0,0.0
0.0,0.87206,1.54,1.417,0.0,0.0
0.0,1.23069,1.344,1.22,0.0,0.0
0.0,1.31086,4.116,3.965,0.0,0.0
0.0,1.40008,123.567,97.719,0.0,0.0
0.0,1.17159,125.157,116.733,0.0,0.0
0.0,2.61737,123.102,98.063,0.0,0.0
0.0,1.31577,125.358,117.433,0.0,0.0
0.0,1.3153,125.263,113.514,0.0,0.0
0.0,1.3234,124.096,94.988,0.0,0.0
0.0,1.27718,123.409,94.345,0.0,0.0
0.0,1.22464,123.36,94.337,0.0,0.0
0.0,1.22043,123.305,94.334,0.0,0.0
2.99,15.89492,34.599,3.729,1778.0,193.0
24.0,98.36475,33.495,3.206,9629.0,820.0
24.0,98.39325,32.093,4.139,10481.0,795.0
24.0,98.40752,32.667,4.603,10523.0,740.0
24.0,98.42267,32.261,4.943,10679.0,799.0
24.0,98.43858,32.033,4.949,10701.0,830.0
24.0,98.42702,32.32,5.223,10723.0,730.0
24.0,98.43373,32.327,5.216,10746.0,728.0
24.0,98.42539,32.416,5.312,8622.0,721.0
24.0,98.426,32.452,5.346,8535.0,718.0
24.0,98.40807,32.49,5.386,10746.0,708.0
24.0,98.44202,32.395,5.286,10801.0,737.0
24.0,98.39629,32.608,5.517,10981.0,748.0
24.0,98.40476,32.774,5.682,11179.0,963.0
22.0,59.81561,44.881,10.991,6470.0,662.0
5.18,22.82939,33.557,6.591,1642.0,402.0
7.0,100.0,31.117,4.41,2707.0,183.0
24.0,98.38545,31.385,4.451,10986.0,1058.0
24.0,98.38795,32.024,5.042,11181.0,1072.0
24.0,98.38366,32.235,5.241,9673.0,714.0
24.0,98.39916,32.254,5.244,8189.0,713.0
24.0,98.40872,32.208,5.19,8182.0,717.0
24.0,98.36078,32.23,5.209,4571.0,709.0
24.0,98.36334,32.151,5.124,6439.0,700.0
24.0,98.39923,32.022,4.969,4704.0,700.0
24.0,98.41831,32.145,5.09,3504.0,719.0
24.0,98.38851,31.741,4.69,8642.0,682.0
24.0,98.39864,31.816,4.768,8647.0,686.0
24.0,98.4,32.075,5.036,8682.0,679.0
24.0,98.42735,31.89,4.846,8728.0,674.0
24.0,98.44173,31.858,4.822,8758.0,664.0
24.0,98.50241,31.378,4.34,8764.0,660.0
24.0,98.54411,31.357,4.312,8798.0,655.0
24.0,98.56876,31.315,4.297,14124.0,648.0
24.0,98.59295,31.476,4.451,14223.0,637.0
24.0,98.64341,31.63,4.598,14259.0,639.0
24.0,98.64712,31.646,4.604,14324.0,641.0
24.0,98.64413,32.143,5.095,14355.0,635.0
24.0,98.66581,32.239,5.167,13011.0,632.0
24.0,98.69572,31.955,4.873,11216.0,631.0
24.0,98.69939,32.134,5.069,11217.0,633.0
24.0,98.71518,32.461,5.407,11224.0,634.0
24.0,98.73489,32.347,5.279,11229.0,634.0
24.0,98.72893,32.31,5.234,11253.0,635.0
24.0,96.65148,32.538,5.463,11274.0,632.0
24.0,98.72524,32.42,5.328,11170.0,633.0
24.0,98.7403,32.492,5.388,11170.0,631.0
24.0,98.71902,32.72,5.632,11199.0,629.0
24.0,98.73971,32.642,5.555,10599.0,628.0
24.0,98.75773,32.471,5.38,9208.0,628.0
24.0,98.76283,32.484,5.391,9199.0,622.0
24.0,98.79724,32.549,5.452,9154.0,620.0
24.0,96.7445,32.417,5.334,9148.0,613.0
24.0,98.78466,32.448,5.368,9966.0,615.0
24.0,98.8222,32.161,5.073,12525.0,615.0
24.0,98.84253,32.042,4.954,12578.0,633.0
24.0,98.82996,32.096,5.003,10196.0,627.0
24.0,98.83457,32.107,5.009,9163.0,623.0
24.0,98.84171,32.097,5.0,9089.0,618.0
24.0,98.83986,32.112,5.015,8982.0,613.0
24.0,98.84376,32.113,5.024,8140.0,608.0
24.0,98.83499,32.498,5.05,10372.0,600.0
24.0,98.84959,32.105,5.003,10904.0,601.0
24.0,98.85586,32.058,4.96,11551.0,570.0
24.0,98.81892,32.286,5.195,11463.0,604.0
24.0,98.81569,32.398,5.317,11500.0,604.0
24.0,98.83206,32.345,5.262,11442.0,601.0
24.0,98.87061,32.137,5.035,10103.0,600.0
24.0,98.76313,32.116,5.029,8588.0,600.0
22.83,88.1105,33.074,5.762,8084.0,497.0
11.71,46.63368,32.934,5.682,4254.0,309.0
8.54,37.63038,30.405,3.75,3208.0,136.0
23.95,96.61268,31.918,5.185,8647.0,514.0
9.21,47.29245,31.587,4.813,4309.0,222.0
24.0,98.77681,31.636,4.858,9137.0,546.0
24.0,98.78289,31.634,4.854,9116.0,552.0
24.0,98.78878,31.667,4.899,9095.0,554.0
24.0,98.80563,31.695,4.938,9077.0,558.0
24.0,98.8092,31.892,5.131,11296.0,531.0
24.0,98.81481,31.969,5.201,12892.0,531.0
24.0,98.81753,32.118,5.312,13137.0,533.0
24.0,98.83545,32.24,5.42,12852.0,535.0
24.0,98.91103,32.031,5.18,9014.0,539.0
24.0,98.93106,32.159,5.303,9002.0,541.0
24.0,98.89703,31.853,5.003,9001.0,539.0
24.0,98.86803,31.843,4.997,8993.0,538.0
24.0,98.8807,32.307,5.493,8923.0,536.0
24.0,98.9297,32.24,5.404,12461.0,538.0
24.0,98.98751,32.352,5.499,13023.0,535.0
24.0,99.01533,32.25,5.394,10929.0,534.0
24.0,99.01411,32.17,5.122,8696.0,531.0
24.0,99.04762,32.779,5.039,9081.0,519.0
24.0,99.06964,31.939,5.11,9061.0,536.0
24.0,99.08677,31.942,5.119,9032.0,584.0
24.0,99.08568,32.122,5.313,10468.0,585.0
24.0,97.03116,31.922,5.108,13064.0,575.0
24.0,99.10675,32.223,5.399,13074.0,582.0
24.0,97.04637,32.053,5.222,9041.0,578.0
24.0,99.13028,31.976,5.139,9097.0,584.0
24.0,99.12867,32.285,5.462,9185.0,582.0
24.0,99.09032,32.28,5.264,9159.0,568.0
24.0,99.13482,32.177,5.35,9171.0,576.0
24.0,99.16177,32.196,5.377,5010.0,574.0
24.0,99.18552,32.154,5.35,11564.0,575.0
24.0,99.20189,32.099,5.04,11583.0,565.0
24.0,99.22646,32.104,5.101,11668.0,569.0
24.0,74.68709,35.902,7.973,11280.0,495.0
24.0,100.0,35.056,6.062,11461.0,518.0
24.0,99.13596,33.629,4.799,11655.0,562.0
24.0,99.14625,33.644,4.828,11240.0,560.0
24.0,99.16701,33.999,4.979,9364.0,559.0
24.0,99.1713,33.718,4.949,10426.0,563.0
24.0,99.21321,33.55,4.764,10033.0,565.0
24.0,99.26793,33.486,4.702,9665.0,566.0
24.0,99.28722,33.894,5.127,10120.0,566.0
24.0,99.31482,33.712,4.925,10302.0,563.0
24.0,99.34116,33.834,5.029,10315.0,562.0
24.0,99.3,33.895,5.094,10425.0,563.0
24.0,99.30277,33.702,4.895,10448.0,562.0
24.0,99.31615,33.862,5.042,10483.0,560.0
24.0,99.2932,33.421,4.614,10400.0,562.0
24.0,99.28751,33.478,4.67,10111.0,558.0
24.0,99.29222,33.487,4.693,10036.0,551.0
24.0,99.30205,33.582,4.776,9993.0,552.0
24.0,99.28426,33.642,4.827,10002.0,552.0
24.0,99.31964,33.604,4.779,10009.0,550.0
24.0,99.33512,33.439,4.644,10873.0,543.0
24.0,99.34472,33.461,4.664,11542.0,564.0
24.0,99.36659,33.454,4.659,11637.0,549.0
24.0,97.29575,33.741,4.959,9984.0,547.0
24.0,99.37219,33.934,5.151,8897.0,542.0
24.0,99.36706,33.894,5.115,8887.0,541.0
24.0,99.36461,33.676,4.9,11100.0,540.0
24.0,99.34166,33.86,5.1,11751.0,537.0
24.0,97.0341,34.034,5.261,11695.0,531.0
24.0,97.06007,33.826,5.039,9132.0,535.0
24.0,99.14469,33.873,5.106,9024.0,541.0
24.0,97.09899,33.927,5.158,9008.0,538.0
24.0,99.16462,33.725,4.935,10724.0,543.0
24.0,99.14269,33.699,4.816,11593.0,536.0
24.0,99.14538,34.992,4.692,11395.0,512.0
24.0,99.16278,33.903,4.897,9674.0,538.0
24.0,99.16921,34.237,4.512,8849.0,506.0
24.0,100.0,33.782,4.834,8848.0,531.0
24.0,99.16028,33.672,4.685,8922.0,528.0
24.0,99.1646,33.528,4.752,8931.0,532.0
24.0,99.19657,33.42,4.65,10554.0,533.0
24.0,99.20499,33.4,4.629,11845.0,529.0
24.0,99.19758,33.438,4.669,11683.0,528.0
24.0,99.18367,33.493,4.717,7370.0,524.0
24.0,99.1915,33.503,4.726,11516.0,526.0
24.0,99.18565,33.614,4.838,11684.0,524.0
24.0,99.17352,33.852,5.069,11535.0,526.0
24.0,99.1601,33.844,5.052,9916.0,526.0
24.0,99.15072,33.987,5.115,10165.0,518.0
2.36,11.11459,32.728,5.55,735.0,67.0
8.5,27.57767,30.759,1.859,2894.0,96.0
15.19,63.56423,32.623,4.012,7010.0,246.0
0.0,6.22996,11.094,14.642,1888.0,0.0
0.0,14.89593,14.348,4.536,2061.0,0.0
0.0,13.93155,15.26,5.409,4315.0,0.0
0.0,13.99923,15.891,1.806,1700.0,0.0
0.0,13.80373,16.311,3.791,2685.0,0.0
0.0,17.65257,16.184,12.331,4130.0,0.0
0.0,18.05122,16.072,12.368,3900.0,0.0
0.0,16.52775,16.528,13.688,253.0,0.0
0.0,9.46817,16.535,16.507,0.0,0.0
0.0,1.26293,16.641,4.236,4875.0,0.0
0.0,1.23266,16.67,11.731,7153.0,0.0
0.0,1.25203,16.85,11.566,7165.0,0.0
12.86,25.59913,32.351,3.14,5336.0,137.0
24.0,97.36509,32.16,3.359,11711.0,493.0
24.0,99.44125,32.554,3.687,12134.0,515.0
13.86,57.74552,33.178,4.19,6990.0,257.0
16.0,58.2641,32.749,3.887,10021.0,275.0
24.0,97.08707,32.964,4.05,12041.0,540.0
23.0,97.00522,33.211,4.271,11476.0,534.0
21.53,90.94535,33.28,4.38,7937.0,495.0
0.0,1.10886,0.162,0.162,3616.0,0.0
0.0,1.10736,0.058,0.058,7109.0,0.0
7.33,23.66775,35.886,7.483,4768.0,64.0
0.0,0.89379,1.213,0.275,0.0,0.0
6.31,19.02243,37.23,7.362,2201.0,124.0
24.0,99.38331,33.158,4.214,11713.0,554.0
24.0,99.39028,25.843,5.35,11995.0,572.0
24.0,99.4059,33.756,4.816,12135.0,591.0
24.0,99.47714,34.247,5.292,12175.0,606.0
24.0,99.53649,34.339,5.354,9359.0,608.0
22.3,84.44677,34.562,5.791,7964.0,490.0
24.0,99.64141,34.441,5.6,8399.0,618.0
24.0,99.71871,34.313,5.456,10905.0,617.0
24.0,99.74742,34.011,5.178,12054.0,610.0
24.0,99.75088,34.309,5.492,12097.0,613.0
24.0,99.74909,34.468,5.65,12128.0,608.0
24.0,99.79872,34.43,5.551,12143.0,601.0
24.0,99.84617,34.245,5.333,12185.0,594.0
24.0,99.84435,34.185,5.331,8956.0,583.0
24.0,99.82646,34.28,5.438,8835.0,575.0
24.0,99.58738,33.914,5.062,8668.0,568.0
24.0,99.72724,33.859,5.026,10347.0,563.0
24.0,99.80923,34.328,5.492,9743.0,570.0
24.0,99.79386,34.081,5.246,8789.0,549.0
24.0,99.7637,33.785,4.979,11463.0,578.0
24.0,99.75796,34.128,5.328,13565.0,566.0
24.0,99.75943,33.921,5.114,13145.0,566.0
24.0,99.77145,34.186,5.363,12205.0,566.0
24.0,99.77532,34.273,5.437,10827.0,565.0
24.0,99.35326,34.33,5.508,11293.0,567.0
24.0,99.27866,34.359,5.548,11178.0,564.0
24.0,99.27823,34.187,5.375,11004.0,562.0
24.0,99.27279,34.305,5.478,10990.0,559.0
24.0,99.2987,34.269,5.44,11012.0,560.0
24.0,99.30317,34.194,5.352,11043.0,558.0
24.0,99.31749,34.373,5.54,10985.0,558.0
24.0,97.2757,34.192,5.344,10988.0,554.0
24.0,97.45862,34.402,5.538,10686.0,554.0
14.89,66.98926,34.43,5.828,6742.0,292.0
24.0,96.86312,33.587,4.663,9246.0,398.0
24.0,100.0,33.736,4.78,10722.0,520.0
21.17,80.92151,35.592,5.632,7940.0,391.0
24.0,99.71173,33.845,4.497,9015.0,522.0
24.0,99.73792,33.643,4.659,8963.0,530.0
24.0,97.91667,33.616,4.498,10820.0,534.0
24.0,100.0,33.647,4.591,9613.0,538.0
24.0,100.0,33.636,4.582,0.0,542.0
24.0,100.0,34.044,4.515,1415.0,533.0
24.0,100.0,33.339,4.341,12891.0,532.0
24.0,100.0,33.308,4.137,12921.0,525.0
24.0,100.0,33.212,4.189,13419.0,526.0
24.0,100.0,33.399,4.394,13672.0,525.0
24.0,100.0,33.657,4.643,13966.0,526.0
24.0,100.0,34.164,4.172,12875.0,511.0
24.0,100.0,33.475,4.421,12126.0,535.0
24.0,99.99933,33.599,4.539,12203.0,536.0
24.0,100.0,33.712,4.646,12240.0,536.0
24.0,100.0,33.702,4.631,12293.0,538.0
24.0,100.0,33.731,4.66,10495.0,539.0
24.0,100.0,33.958,4.618,11930.0,528.0
24.0,83.89513,35.016,5.885,4026.0,487.0
24.0,83.71412,35.056,5.769,5933.0,488.0
24.0,99.72916,33.69,4.535,14458.0,523.0
24.0,99.70308,33.636,4.594,14190.0,517.0
20.34,85.70982,34.175,5.175,10060.0,401.0
22.5,89.37425,33.035,4.305,10287.0,412.0
24.0,99.7087,33.445,4.666,12091.0,494.0
24.0,99.85056,33.905,5.06,10701.0,500.0
24.0,100.0,33.706,4.896,10716.0,508.0
24.0,100.0,33.785,5.024,10696.0,511.0
24.0,100.0,33.946,5.08,10683.0,511.0
24.0,100.0,33.64,4.885,11184.0,517.0
24.0,100.0,33.696,4.912,10022.0,526.0
24.0,100.0,33.958,5.207,9294.0,527.0
24.0,100.0,33.824,5.065,9866.0,528.0
24.0,100.0,33.847,5.091,12718.0,526.0
21.76,100.0,33.58,4.879,10358.0,473.0
0.0,37.8329,0.084,18.102,64.0,0.0
0.0,11.98073,0.134,2.844,60.0,0.0
12.67,58.77344,32.31,3.419,10187.0,178.0
0.0,1.24451,0.113,0.096,6139.0,0.0
9.41,62.41446,33.181,4.293,7658.0,145.0
24.0,99.87024,32.996,4.072,11612.0,493.0
24.0,99.9243,33.771,4.526,10211.0,495.0
24.0,99.99991,33.541,4.276,9084.0,506.0
24.0,99.98328,33.566,4.63,11488.0,518.0
24.0,100.0,33.731,4.721,12130.0,519.0
24.0,100.0,33.709,4.798,8353.0,525.0
24.0,100.0,33.619,4.619,4054.0,535.0
5.34,24.92335,35.929,6.914,6041.0,38.0
8.49,59.65518,32.845,3.845,10131.0,141.0
24.0,100.0,33.233,4.204,12166.0,511.0
23.75,93.27726,34.772,5.56,12028.0,484.0
24.0,99.9379,33.467,4.416,12133.0,520.0
21.5,84.49579,34.569,5.373,10589.0,404.0
24.0,99.93914,33.591,4.502,10484.0,523.0
24.0,99.97077,34.265,4.287,10538.0,516.0
24.0,99.96926,34.815,4.235,10735.0,518.0
24.0,99.97929,33.697,4.584,11068.0,582.0
24.0,99.9965,33.747,4.633,10919.0,575.0
24.0,99.99945,33.737,4.621,10602.0,573.0
24.0,99.9994,33.658,4.549,10699.0,572.0
24.0,99.9568,33.693,4.575,10642.0,568.0
24.0,99.98671,33.678,4.57,9252.0,569.0
24.0,99.95945,33.668,4.57,10276.0,567.0
2.18,10.28019,35.913,6.911,1493.0,31.0
0.0,1.29181,0.555,27.771,5153.0,0.0
6.5,7.8062,36.575,7.677,5546.0,6.0
24.0,41.03796,46.746,18.172,8713.0,216.0
24.0,35.93376,52.311,23.927,5512.0,217.0
24.0,80.54557,37.816,9.127,7775.0,437.0
0.84,3.24963,33.051,7.116,233.0,15.0
4.0,6.77548,33.702,4.031,2839.0,66.0
24.0,99.2543,32.677,3.71,11709.0,548.0
4.68,19.97482,33.967,4.976,2406.0,59.0
0.0,0.0,2.164,1.41,0.0,0.0
0.0,0.0,2.06,1.382,0.0,0.0
15.98,55.94089,34.894,6.574,7117.0,313.0
24.0,97.85351,33.3,4.23,12085.0,521.0
24.0,97.84729,33.23,4.496,12209.0,534.0
24.0,99.99822,33.011,4.214,12209.0,540.0
24.0,100.0,32.993,4.185,12190.0,548.0
24.0,100.0,33.035,4.22,12204.0,544.0
24.0,100.0,33.224,4.433,12231.0,539.0
24.0,100.0,33.163,4.348,12210.0,540.0
24.0,99.94517,33.638,4.403,11135.0,532.0
24.0,99.99214,33.664,4.229,11759.0,527.0
24.0,99.97591,33.368,4.409,11458.0,532.0
24.0,99.95802,33.291,4.478,12270.0,534.0
24.0,99.88378,33.624,4.838,12334.0,530.0
24.0,99.97388,33.401,4.571,12312.0,540.0
24.0,99.90317,33.667,4.872,12181.0,532.0
24.0,100.0,33.627,4.783,12311.0,534.0
24.0,100.0,33.443,4.607,12323.0,553.0
24.0,100.0,33.493,4.667,12308.0,545.0
24.0,100.0,33.451,4.653,11205.0,534.0
24.0,97.91667,33.467,4.671,11612.0,528.0
24.0,100.0,33.385,4.61,11606.0,530.0
24.0,100.0,33.479,4.706,12239.0,528.0
24.0,100.0,33.374,4.596,12199.0,526.0
24.0,100.0,33.475,4.7,12243.0,522.0
24.0,100.0,33.625,4.697,12223.0,565.0
24.0,99.99811,33.232,4.373,11822.0,488.0
24.0,99.98839,33.348,4.605,11291.0,490.0
24.0,99.99002,33.568,4.783,11266.0,497.0
24.0,99.98257,33.233,4.625,11311.0,501.0
24.0,99.97197,33.349,4.687,11229.0,501.0
24.0,99.99805,33.595,4.569,11172.0,520.0
24.0,99.9898,33.603,4.771,11061.0,525.0
24.0,99.99532,33.785,4.983,12346.0,528.0
24.0,76.87701,38.643,9.972,9446.0,414.0
24.0,45.57708,45.703,17.09,8500.0,260.0
24.0,45.54437,45.709,17.224,9637.0,259.0
24.0,45.54834,45.5,16.987,9705.0,257.0
24.0,45.56906,45.358,16.841,9164.0,259.0
24.0,45.52936,45.271,16.763,8914.0,254.0
24.0,45.56349,45.104,16.576,9136.0,250.0
18.64,35.86533,44.939,16.543,7057.0,205.0
0.0,2.23454,0.747,11.642,0.0,0.0
7.0,10.68589,43.94,17.576,3184.0,38.0
24.0,93.94878,32.095,3.593,11309.0,435.0
22.5,80.40094,35.6,7.154,10239.0,397.0
24.0,99.32948,32.844,4.23,12085.0,494.0
10.64,43.78453,33.226,4.729,5256.0,198.0
16.31,54.95259,31.375,2.946,7846.0,185.0
9.56,38.42053,33.491,4.962,5436.0,124.0
24.0,93.72447,32.373,3.678,12030.0,383.0
24.0,99.39878,32.372,3.68,12248.0,493.0
24.0,99.32879,32.525,3.833,12194.0,408.0
24.0,99.36463,32.545,3.836,12197.0,410.0
24.0,99.40744,32.521,3.794,12224.0,412.0
8.31,19.69866,42.635,14.34,4932.0,64.0
17.03,54.21736,35.687,6.81,10167.0,206.0
24.0,99.15127,32.642,3.791,12154.0,367.0
24.0,99.16504,32.944,4.066,10778.0,376.0
24.0,99.1639,32.964,4.093,11138.0,376.0
24.0,99.16952,33.051,4.157,11633.0,295.0
24.0,99.16179,33.066,4.199,11643.0,293.0
24.0,99.22588,33.048,4.167,9977.0,293.0
24.0,99.43708,32.69,3.773,9967.0,297.0
24.0,99.61136,32.903,4.002,11181.0,299.0
24.0,97.59483,32.879,3.981,11323.0,298.0
24.0,99.77307,32.824,3.918,11841.0,295.0
24.0,99.74402,32.663,3.74,12020.0,292.0
24.0,99.73764,32.695,3.795,11924.0,293.0
12.31,54.53393,33.25,4.432,5477.0,163.0
8.86,26.85192,37.157,8.258,3791.0,100.0
24.0,99.05374,32.112,3.296,11411.0,279.0
24.0,99.5442,32.806,3.697,12121.0,279.0
24.0,97.5398,32.87,3.558,12151.0,281.0
24.0,99.61915,32.814,3.607,12197.0,283.0
24.0,100.0,32.547,3.735,12257.0,288.0
24.0,99.58806,32.562,3.704,12178.0,285.0
24.0,99.51736,33.068,4.175,11195.0,283.0
24.0,99.50071,33.088,4.254,9572.0,288.0
24.0,99.4915,33.038,4.213,10945.0,282.0
24.0,99.62545,33.04,4.198,12136.0,286.0
24.0,99.66575,32.9,4.056,12164.0,286.0
24.0,97.70253,32.795,3.944,10402.0,287.0
24.0,99.69096,32.926,4.097,11726.0,286.0
24.0,99.72568,32.89,4.035,12143.0,285.0
24.14,95.09207,33.459,4.623,9827.0,281.0
10.19,35.22714,32.606,5.974,0.0,141.0
13.48,60.03653,32.19,3.566,62.0,181.0
11.03,34.69197,34.664,5.006,6069.0,153.0
24.0,100.0,32.459,3.865,11891.0,277.0
24.0,99.19064,32.638,4.011,11962.0,281.0
24.0,99.11999,32.618,3.986,1614.0,289.0
16.33,59.91341,33.564,4.738,3114.0,204.0
8.31,27.13855,37.13,7.851,10294.0,57.0
0.0,17.20466,61.621,33.479,9727.0,0.0
0.0,22.20223,56.08,26.212,8709.0,0.0
24.0,100.0,31.757,2.967,11705.0,149.0
24.0,99.44501,32.204,3.363,11927.0,260.0
24.0,99.4365,32.066,3.209,11468.0,257.0
24.0,99.38273,32.127,3.273,11667.0,256.0
24.0,78.6595,35.93,7.082,11697.0,229.0
24.0,98.98683,32.693,3.654,11504.0,273.0
24.0,99.6183,32.645,3.584,11586.0,271.0
24.0,99.69608,32.472,3.606,11479.0,275.0
24.0,99.79639,32.564,3.705,11455.0,277.0
24.0,99.75021,32.663,3.798,11477.0,280.0
24.0,99.60092,32.598,3.732,11521.0,272.0
24.0,99.6642,32.552,3.673,11269.0,272.0
24.0,99.61588,32.473,3.581,11603.0,267.0
24.0,99.62057,32.738,3.856,11568.0,274.0
24.0,99.67915,32.529,3.658,11859.0,274.0
24.0,99.74448,32.382,3.505,12202.0,278.0
24.0,99.73162,32.373,3.499,12227.0,274.0
24.0,99.62913,32.452,3.586,10677.0,272.0
24.0,99.70244,32.423,3.572,12019.0,272.0
24.0,99.80849,32.599,3.737,11366.0,273.0
24.0,99.71806,32.424,3.557,11090.0,272.0
24.0,99.6797,32.423,3.557,11804.0,272.0
24.0,99.59318,32.573,3.692,12298.0,270.0
24.0,99.58693,32.46,3.589,11068.0,271.0
24.0,99.59993,32.397,3.534,11756.0,272.0
24.0,99.69068,32.711,3.832,9710.0,281.0
24.0,99.69704,32.651,3.779,11741.0,281.0
24.0,99.55775,32.5,3.631,9770.0,272.0
23.39,95.56766,33.177,4.299,11659.0,265.0
10.28,52.90703,32.19,3.347,7509.0,107.0
24.0,99.22356,32.202,3.401,12017.0,252.0
24.0,99.68345,32.341,3.655,12029.0,265.0
9.23,44.63895,32.414,3.672,6305.0,105.0
14.5,72.21582,32.8,3.959,8617.0,154.0
0.0,3.58743,25.898,23.036,417.0,0.0
24.0,95.40341,31.922,3.225,7870.0,209.0
8.06,33.90663,32.547,3.832,4139.0,136.0
20.28,100.0,32.289,3.715,10964.0,215.0
18.39,90.78788,32.984,4.412,11408.0,209.0
24.0,100.0,32.743,4.11,12283.0,254.0
24.0,100.0,32.756,4.143,12292.0,284.0
24.0,100.0,32.887,4.267,12260.0,275.0
24.0,100.0,32.843,4.2,12281.0,275.0
13.48,71.48486,33.3,4.58,9188.0,152.0
24.0,99.80814,32.834,4.089,12237.0,260.0
24.0,100.0,32.801,4.146,12284.0,276.0
24.0,99.80331,32.936,4.283,12231.0,275.0
24.0,99.80116,32.999,4.335,12220.0,274.0
24.0,99.91112,33.058,4.392,12099.0,283.0
21.14,86.90285,33.369,4.785,10046.0,241.0
16.0,64.35345,34.312,3.541,7636.0,155.0
24.0,99.39665,33.012,3.94,11389.0,268.0
24.0,99.46837,32.373,3.74,11475.0,274.0
24.0,99.44574,32.894,4.275,12371.0,273.0
22.67,80.48984,36.184,6.299,10065.0,239.0
24.0,99.14743,32.844,4.212,11319.0,276.0
24.0,99.3061,32.979,4.333,11335.0,275.0
24.0,76.35211,37.815,9.253,10878.0,233.0
13.98,49.28121,36.678,7.968,6549.0,171.0
5.19,17.14195,35.35,6.062,3455.0,51.0
24.0,98.88916,32.311,3.49,11204.0,260.0
24.0,98.94932,32.738,3.9,8431.0,270.0
24.0,99.16754,32.52,3.639,7533.0,282.0
24.0,99.17128,32.309,3.427,10135.0,275.0
24.0,99.23068,32.294,3.415,12174.0,276.0
24.0,99.16247,32.283,3.403,11806.0,275.0
24.0,99.1841,32.405,3.538,11649.0,273.0
24.0,99.1284,32.671,3.815,11371.0,276.0
24.0,99.1618,32.723,3.875,11134.0,269.0
24.0,67.09771,39.672,10.929,10896.0,214.0
24.0,46.57028,44.573,15.861,10774.0,204.0
24.0,96.86162,33.151,4.234,11746.0,270.0
10.14,46.98545,33.46,4.564,10664.0,83.0
0.0,25.30931,19.177,1.704,9375.0,0.0
0.0,24.79054,24.499,1.709,8504.0,0.0
0.0,25.31437,26.272,1.887,8231.0,0.0
0.0,25.35245,28.513,2.304,8239.0,0.0
0.0,25.36272,31.562,2.628,8298.0,0.0
4.19,23.10253,41.526,12.26,9016.0,24.0
13.48,29.444,42.522,13.352,9960.0,112.0
24.0,40.17744,45.315,16.334,11141.0,146.0
21.83,35.55135,45.241,16.502,10844.0,153.0
9.64,35.48915,46.563,17.892,6939.0,71.0
2.0,5.33482,53.444,31.153,1452.0,4.0
21.69,100.0,32.923,4.361,11188.0,254.0
24.0,97.17013,32.199,3.662,12756.0,242.0
24.0,97.35867,32.977,4.053,11088.0,249.0
24.0,97.3818,32.681,4.115,9676.0,250.0
24.0,97.40584,32.661,4.104,9479.0,249.0
24.0,97.47165,32.768,4.091,9359.0,250.0
7.9,53.52818,34.413,4.189,2862.0,130.0
6.5,17.57393,31.653,2.929,1659.0,37.0
24.0,99.94493,32.236,3.447,8617.0,246.0
4.0,17.52434,32.777,4.04,6264.0,26.0
0.0,0.62257,0.389,19.222,5698.0,0.0
22.5,84.60606,33.529,3.305,11254.0,227.0
24.0,100.0,33.136,4.367,12389.0,261.0
24.0,100.0,32.933,4.295,12448.0,266.0
24.0,72.0336,38.829,10.239,11613.0,219.0
24.0,99.72819,32.756,4.072,12482.0,266.0
24.0,100.0,32.731,4.051,12529.0,270.0
17.0,62.15459,33.305,4.461,8332.0,188.0
24.0,100.0,32.759,4.082,12473.0,267.0
24.0,100.0,33.225,4.54,12513.0,273.0
24.0,100.0,33.346,4.644,10928.0,276.0
24.0,100.0,33.257,4.562,8227.0,280.0
24.0,100.0,33.211,4.548,7574.0,275.0
24.0,100.0,33.015,4.369,11843.0,276.0
24.0,100.0,32.951,4.305,12240.0,269.0
24.0,100.0,33.004,4.372,12125.0,269.0
24.0,100.0,32.999,4.347,12236.0,267.0
24.0,100.0,32.881,4.243,12234.0,270.0
24.0,100.0,32.914,4.306,10891.0,263.0
24.0,100.0,33.001,4.188,9919.0,263.0
24.0,97.91667,32.821,4.166,9864.0,270.0
24.0,100.0,32.781,4.153,10625.0,265.0
24.0,100.0,32.745,4.115,12070.0,267.0
24.0,100.0,32.785,4.149,12071.0,268.0
24.0,100.0,32.67,4.007,12138.0,261.0
24.0,100.0,32.802,4.18,12149.0,259.0
24.0,100.0,32.772,4.138,12146.0,260.0
24.0,100.0,32.354,3.717,12179.0,258.0
24.0,100.0,32.697,4.099,12190.0,256.0
24.0,100.0,33.079,4.129,12120.0,254.0
24.0,97.91667,32.495,3.868,11070.0,255.0
24.0,100.0,32.611,3.967,10186.0,253.0
24.0,100.0,32.296,3.65,11226.0,254.0
24.0,100.0,32.301,3.665,11485.0,251.0
24.0,100.0,32.224,3.588,11505.0,253.0
24.0,100.0,32.368,3.737,11477.0,250.0
24.0,65.69599,37.994,9.368,11350.0,204.0
24.0,90.33587,34.323,5.595,11827.0,241.0
24.0,100.0,32.861,4.194,12128.0,252.0
12.39,52.92538,32.737,4.054,6946.0,156.0
24.0,94.35238,32.937,3.197,11519.0,221.0
6.56,26.64863,33.513,4.384,3167.0,89.0
7.78,16.33892,39.953,8.714,3660.0,48.0
24.0,99.6223,32.846,3.154,11768.0,269.0
10.56,51.06803,33.25,4.275,5644.0,90.0
6.5,18.0044,40.415,9.66,8286.0,21.0
13.94,53.26038,38.347,5.898,6730.0,104.0
23.0,97.82609,31.832,3.266,11768.0,234.0
24.0,99.99724,32.074,3.5,12347.0,248.0
24.0,99.97523,32.183,3.61,12379.0,247.0
24.0,99.97739,32.194,3.61,12408.0,247.0
24.0,99.97174,32.412,3.816,12452.0,248.0
24.0,99.96392,32.577,3.997,12503.0,207.0
24.0,99.94326,32.568,3.981,12512.0,210.0
18.06,74.43503,32.799,4.288,9340.0,171.0
5.0,10.9947,34.457,6.089,6457.0,12.0
24.0,99.9016,31.726,3.163,10862.0,199.0
24.0,99.96397,32.148,3.558,12565.0,209.0
21.96,82.83643,32.314,3.893,9029.0,202.0
24.0,99.9508,32.41,3.784,12634.0,214.0
24.0,99.98453,32.728,4.085,12577.0,213.0
24.0,99.92398,32.371,3.724,12646.0,211.0
24.0,97.79724,32.382,3.753,12644.0,215.0
24.0,99.84657,32.449,3.832,12685.0,211.0
24.0,99.82469,32.805,4.2,12675.0,210.0
24.0,99.92428,32.597,3.951,12677.0,213.0
24.0,99.96916,32.462,3.823,12701.0,211.0
24.0,99.80765,32.542,3.923,12717.0,211.0
24.0,99.8212,32.524,3.893,11761.0,210.0
24.0,58.24696,42.451,14.021,10431.0,169.0
24.0,35.05321,50.739,22.437,10036.0,138.0
24.0,40.92972,47.292,18.88,11527.0,151.0
24.0,51.55519,40.997,12.393,11396.0,201.0
24.0,49.29889,40.605,12.011,11837.0,163.0
24.0,59.84539,38.493,9.844,12024.0,174.0
24.0,99.97606,32.795,3.991,12759.0,213.0
24.0,99.93951,32.648,3.85,12956.0,213.0
24.0,99.81163,32.746,3.937,13223.0,202.0
24.0,99.88792,32.551,3.737,13269.0,197.0
24.0,99.78316,32.688,3.88,13394.0,194.0
24.0,99.84497,32.65,3.719,13394.0,193.0
24.0,99.88457,32.563,3.76,13507.0,193.0
24.0,99.76563,32.707,3.907,13643.0,191.0
24.0,99.78725,32.922,4.123,13851.0,200.0
24.0,99.82826,32.902,4.066,14187.0,197.0
24.0,99.86493,33.464,3.871,13990.0,196.0
14.49,59.64614,34.771,4.145,8335.0,106.0
0.0,0.93484,70.098,40.972,0.0,0.0
0.0,1.05661,68.758,39.913,0.0,0.0
15.18,51.03737,31.222,2.181,0.0,94.0
24.0,99.96828,31.561,2.468,0.0,176.0
24.0,97.87059,31.689,2.684,0.0,178.0
24.0,97.88687,31.105,2.531,5295.0,180.0
11.16,46.83155,31.812,3.279,8167.0,64.0
0.0,9.3686,35.765,30.834,8102.0,0.0
0.0,0.91603,3.209,3.206,8163.0,0.0
0.0,9.99263,51.304,8.278,8294.0,0.0
0.0,2.27604,49.953,4.074,8274.0,0.0
0.0,1.06177,45.963,1.143,8256.0,0.0
0.0,1.05013,46.281,1.337,9759.0,0.0
0.0,1.63486,46.641,13.28,16312.0,0.0
0.0,1.28913,49.173,20.871,16203.0,0.0
0.0,1.27559,51.605,23.346,15974.0,0.0
2.5,3.61843,52.225,23.94,9834.0,1.0
24.0,60.23289,38.827,10.385,14024.0,144.0
24.0,99.95385,31.357,2.787,14023.0,165.0
24.0,99.9866,31.381,2.795,14074.0,189.0
24.0,99.98882,31.358,2.747,14098.0,190.0
24.0,99.96676,31.507,2.852,14182.0,191.0
24.0,99.99844,31.839,3.254,14297.0,195.0
24.0,99.93268,32.034,3.348,14302.0,196.0
22.0,78.26754,32.322,3.798,11299.0,194.0
24.0,99.94947,32.425,3.713,13270.0,195.0
24.0,100.0,32.474,3.737,13314.0,193.0
24.0,100.0,32.406,3.652,13330.0,204.0
24.0,100.0,32.267,3.537,13335.0,204.0
24.0,100.0,32.293,3.556,13212.0,206.0
24.0,100.0,32.6,3.868,13358.0,206.0
24.0,100.0,32.421,3.701,13359.0,232.0
24.0,100.0,32.636,3.891,13068.0,205.0
24.0,100.0,32.582,3.822,12535.0,206.0
24.0,100.0,32.299,3.551,12541.0,205.0
24.0,100.0,32.264,3.512,12618.0,194.0
24.0,100.0,32.274,3.527,12548.0,190.0
24.0,100.0,32.27,3.532,12524.0,191.0
24.0,100.0,32.257,3.509,12489.0,193.0
24.0,100.0,32.222,3.461,12482.0,188.0
24.0,100.0,32.194,3.444,12583.0,187.0
24.0,100.0,32.214,3.449,13000.0,186.0
24.0,100.0,32.187,3.435,12655.0,186.0
24.0,100.0,32.172,3.42,12719.0,184.0
24.0,100.0,32.177,3.428,13165.0,182.0
24.0,100.0,32.504,3.431,13074.0,179.0
24.0,100.0,32.209,3.465,13136.0,188.0
24.0,100.0,32.204,3.448,13159.0,197.0
13.83,53.94867,32.669,5.012,4250.0,121.0
23.5,84.62282,35.18,5.55,7256.0,174.0
24.0,97.91667,32.118,3.097,12589.0,187.0
24.0,97.91667,32.079,3.073,12656.0,187.0
24.0,97.91667,32.099,3.087,12961.0,192.0
24.0,100.0,32.114,3.111,12783.0,187.0
24.0,100.0,32.412,3.417,12773.0,187.0
24.0,100.0,32.439,3.427,12795.0,187.0
24.0,100.0,32.646,3.669,12826.0,186.0
24.0,100.0,32.423,3.433,12967.0,185.0
24.0,100.0,32.302,3.289,13062.0,185.0
24.0,100.0,32.442,3.436,12456.0,188.0
24.0,100.0,32.242,3.233,13019.0,190.0
24.0,100.0,32.228,3.217,13011.0,189.0
24.0,100.0,32.268,3.267,10731.0,192.0
24.0,100.0,32.299,3.273,9879.0,192.0
24.0,100.0,32.212,3.233,8240.0,189.0
24.0,100.0,32.056,3.082,7361.0,188.0
24.0,100.0,31.975,2.99,11735.0,186.0
24.0,100.0,32.052,3.09,12335.0,189.0
24.0,100.0,32.136,3.203,12365.0,188.0
24.0,100.0,32.137,3.169,12512.0,188.0
24.0,100.0,31.971,2.994,12833.0,186.0
24.0,100.0,32.211,3.248,12977.0,186.0
23.17,86.66526,34.971,5.221,11630.0,192.0
24.0,99.78349,32.334,3.361,12314.0,191.0
24.0,99.99973,32.144,3.143,12475.0,190.0
24.0,100.0,32.304,3.319,12387.0,188.0
24.0,100.0,32.113,3.103,12286.0,191.0
24.0,100.0,32.222,3.207,12257.0,189.0
24.0,97.12344,32.604,3.677,12655.0,186.0
24.0,100.0,32.224,3.31,12893.0,189.0
24.0,100.0,32.097,3.17,13060.0,188.0
24.0,100.0,32.27,3.358,13028.0,186.0
24.0,60.39771,41.189,12.409,11527.0,154.0
24.0,98.1014,32.234,3.197,13043.0,182.0
24.0,100.0,32.405,3.377,13085.0,184.0
24.0,100.0,32.474,3.447,12585.0,185.0
24.0,100.0,32.535,3.524,10719.0,184.0
24.0,100.0,32.613,3.608,12665.0,187.0
24.0,100.0,32.246,3.229,12678.0,180.0
24.0,100.0,32.384,3.385,12678.0,180.0
24.0,97.91667,32.278,3.248,12768.0,175.0
24.0,97.91667,32.237,3.225,12887.0,173.0
24.0,100.0,32.475,3.464,12983.0,170.0
24.0,97.91667,32.568,3.572,13041.0,170.0
24.0,97.91667,32.713,3.701,12990.0,176.0
24.0,100.0,32.806,3.776,13038.0,175.0
24.0,100.0,32.572,3.561,13048.0,175.0
24.0,100.0,32.228,3.194,13046.0,175.0
24.0,100.0,32.208,3.199,10506.0,176.0
24.0,100.0,32.476,3.463,12917.0,175.0
24.0,100.0,32.362,3.437,13010.0,175.0
24.0,100.0,32.184,3.36,11608.0,174.0
1.33,16.99412,33.105,6.099,2834.0,10.0
0.0,0.32607,0.293,0.293,0.0,0.0
0.0,0.35015,0.264,0.264,0.0,0.0
0.0,0.35015,0.264,0.264,0.0,0.0
0.0,0.35015,0.264,0.264,0.0,0.0
0.0,0.35015,0.264,0.264,0.0,0.0
16.54,77.42615,32.909,4.288,10226.0,109.0
24.0,100.0,31.467,2.693,11763.0,187.0
24.0,100.0,31.641,2.947,11225.0,185.0
23.5,87.82233,33.718,5.835,10133.0,190.0
24.0,100.0,32.007,3.319,11087.0,194.0
24.0,100.0,32.085,3.275,11123.0,190.0
24.0,100.0,31.877,3.148,11578.0,194.0
24.0,100.0,32.258,3.399,12604.0,190.0
24.0,93.23439,33.368,4.454,12314.0,211.0
22.0,72.01499,36.615,7.497,11385.0,188.0
24.0,100.0,32.621,3.379,12653.0,176.0
24.0,100.0,32.307,3.317,12486.0,173.0
24.0,97.91667,32.126,3.099,12591.0,174.0
24.0,100.0,32.291,3.282,12610.0,172.0
24.0,100.0,32.183,3.172,12556.0,171.0
24.0,100.0,32.183,3.173,12455.0,171.0
24.0,100.0,32.122,3.1,12398.0,171.0
24.0,100.0,32.161,3.173,12810.0,168.0
24.0,100.0,32.219,3.221,12830.0,174.0
24.0,100.0,32.199,3.216,12859.0,173.0
24.0,100.0,32.264,3.275,12706.0,171.0
24.0,100.0,32.517,3.557,12676.0,175.0
24.0,100.0,32.708,3.64,12685.0,173.0
24.0,97.91667,32.688,3.701,12718.0,174.0
24.0,97.91667,32.629,3.645,12959.0,174.0
24.0,97.91667,32.527,3.543,12949.0,173.0
24.0,97.91667,32.31,3.298,12969.0,178.0
24.0,97.91667,32.373,3.357,13049.0,174.0
24.0,97.91667,32.344,3.319,13301.0,174.0
24.0,100.0,32.453,3.423,12753.0,174.0
24.0,100.0,32.379,3.352,12231.0,174.0
24.0,100.0,32.53,3.5,12442.0,174.0
24.0,100.0,32.573,3.564,12606.0,174.0
24.0,100.0,32.636,3.612,12527.0,173.0
24.0,100.0,32.552,3.528,11279.0,172.0
1.26,9.95379,34.404,5.899,751.0,9.0
14.58,65.09765,31.886,3.305,7374.0,137.0
24.0,100.0,32.258,3.562,13081.0,166.0
24.0,100.0,32.416,3.705,13158.0,176.0
24.0,100.0,33.04,3.853,13083.0,160.0
24.0,100.0,32.546,3.812,13222.0,168.0
24.0,100.0,32.566,3.779,13252.0,166.0
24.0,100.0,32.709,3.972,12943.0,165.0
24.0,100.0,32.819,4.077,12603.0,166.0
24.0,97.91667,32.653,3.901,12530.0,164.0
24.0,100.0,32.621,3.863,9083.0,177.0
24.0,100.0,32.524,3.753,12512.0,180.0
24.0,100.0,32.604,3.865,12513.0,177.0
24.0,100.0,32.388,3.64,12516.0,177.0
24.0,100.0,32.189,3.446,12851.0,175.0
24.0,100.0,32.257,3.495,12927.0,175.0
24.0,100.0,32.314,3.553,12747.0,175.0
24.0,100.0,32.422,3.674,12599.0,174.0
24.0,100.0,32.547,3.804,12552.0,174.0
24.0,100.0,32.71,3.983,12529.0,175.0
24.0,100.0,32.676,3.921,12505.0,175.0
24.0,100.0,32.388,3.621,12492.0,174.0
24.0,100.0,32.594,3.827,12487.0,177.0
24.0,100.0,32.451,3.688,12264.0,176.0
24.0,100.0,32.743,3.999,12567.0,176.0
24.0,100.0,32.69,3.924,12590.0,177.0
24.0,100.0,32.782,4.029,12645.0,179.0
25.0,100.0,32.823,4.057,12704.0,187.0
24.0,100.0,32.581,3.862,12662.0,179.0
24.0,100.0,32.503,3.84,12541.0,179.0
24.0,76.37749,37.009,9.034,11699.0,160.0
24.0,99.55569,32.605,3.874,10282.0,177.0
24.0,100.0,32.595,3.863,12317.0,179.0
24.0,100.0,32.707,3.95,12350.0,177.0
24.0,100.0,32.708,3.947,12475.0,180.0
24.0,100.0,32.628,3.854,12559.0,190.0
24.0,100.0,32.267,3.481,12607.0,188.0
24.0,100.0,32.307,3.546,12615.0,185.0
24.0,100.0,32.7,3.955,12621.0,185.0
24.0,100.0,32.723,4.007,12586.0,190.0
24.0,100.0,32.652,3.989,12572.0,189.0
24.0,100.0,32.645,4.022,12693.0,188.0
24.0,100.0,32.582,3.838,12813.0,179.0
24.0,100.0,32.506,3.862,12885.0,186.0
24.0,100.0,32.763,4.12,12883.0,187.0
24.0,100.0,32.596,3.959,12352.0,185.0
24.0,100.0,32.722,4.089,12641.0,184.0
24.0,100.0,32.773,4.127,12644.0,186.0
24.0,100.0,32.715,4.077,12591.0,184.0
24.0,100.0,32.421,3.792,9621.0,181.0
24.0,100.0,32.446,3.826,9418.0,186.0
24.0,100.0,32.371,3.744,9201.0,182.0
24.0,100.0,32.069,3.474,9098.0,184.0
24.0,100.0,31.966,3.393,10291.0,183.0
24.0,100.0,32.224,3.647,11383.0,183.0
24.0,100.0,31.889,3.286,11472.0,176.0
8.94,36.97653,32.501,3.898,8062.0,51.0
0.0,1.20526,20.693,8.986,6091.0,0.0
0.0,0.96308,31.623,20.588,5847.0,0.0
0.0,0.73928,19.097,9.273,5868.0,0.0
5.78,30.86876,50.511,20.973,5656.0,59.0
14.23,16.57764,83.154,53.789,4048.0,146.0
0.0,1.0066,127.71,97.997,5322.0,0.0
0.0,0.9958,130.912,101.314,5656.0,0.0
0.0,0.9881,132.887,103.233,5746.0,0.0
0.0,0.99383,134.429,104.769,5743.0,0.0
0.0,1.05726,135.702,105.513,5125.0,0.0
0.0,1.18153,136.016,106.393,5793.0,0.0
0.0,1.23656,136.153,106.486,5804.0,0.0
0.0,1.27334,136.224,106.544,5744.0,0.0
0.0,1.34093,136.266,106.589,5733.0,0.0
0.0,1.32495,136.437,106.459,5788.0,0.0
0.0,1.2966,136.606,105.826,5322.0,0.0
0.0,1.29891,136.593,106.929,4402.0,0.0
0.0,1.26329,136.507,106.778,4138.0,0.0
0.0,1.29097,136.363,106.647,4708.0,0.0
0.0,1.26857,136.309,106.609,5803.0,0.0
0.0,1.28872,136.055,106.35,5943.0,0.0
0.0,0.0,135.986,106.283,5915.0,0.0
0.0,0.0,136.034,106.343,5893.0,0.0
0.0,0.0,136.129,107.029,5043.0,0.0
0.0,0.0,136.156,105.788,5321.0,0.0
0.0,0.0,136.142,106.483,5855.0,0.0
0.0,0.0,136.266,106.623,5869.0,0.0
0.0,0.0,136.379,106.734,5876.0,0.0
0.0,1.25297,136.524,106.875,5909.0,0.0
0.0,1.3272,136.67,107.005,5864.0,0.0
0.0,1.18646,136.79,107.122,5835.0,0.0
0.0,1.15102,136.976,107.306,5834.0,0.0
0.0,1.17145,137.153,107.507,5910.0,0.0
0.0,1.1494,137.311,107.647,5932.0,0.0
0.0,1.14671,135.674,105.591,2504.0,0.0
0.0,1.15106,124.687,95.049,0.0,0.0
0.0,1.14137,124.492,94.871,3374.0,0.0
9.5,7.94478,109.868,81.108,6283.0,15.0
24.0,26.50163,90.647,61.728,6681.0,783.0
24.0,27.8686,85.895,56.701,6752.0,871.0
24.0,27.86356,83.78,54.825,6798.0,855.0
24.0,27.83998,83.32,54.207,6779.0,839.0
24.0,28.27995,81.483,52.626,6835.0,834.0
24.0,28.30568,80.828,51.878,6873.0,859.0
24.0,28.31657,79.315,50.228,6927.0,830.0
15.67,20.4557,79.243,50.151,4973.0,533.0
20.42,25.64218,75.266,44.758,5713.0,786.0
24.0,36.20383,61.835,32.005,7059.0,1070.0
24.0,30.25547,71.453,41.652,7028.0,860.0
24.0,30.19498,71.292,41.689,7061.0,866.0
24.0,30.25039,70.954,41.149,6937.0,775.0
24.0,30.24842,70.847,41.16,7048.0,827.0
24.0,30.27133,70.356,40.651,6861.0,839.0
24.0,30.28621,70.057,40.339,6656.0,777.0
24.0,30.28621,70.057,40.339,6656.0,820.0
24.0,30.28621,70.057,40.339,6656.0,829.0
22.0,28.21775,69.475,40.005,5499.0,768.0
24.0,32.55258,65.12,36.426,6736.0,948.0
24.0,33.32736,64.486,35.818,6734.0,944.0
24.0,33.08427,64.506,35.825,6691.0,925.0
24.0,32.3983,63.878,35.19,6747.0,902.0
24.0,32.43786,63.913,35.247,6663.0,891.0
24.0,32.43154,63.444,34.872,5268.0,887.0
24.0,33.17402,63.135,34.575,3921.0,944.0
24.0,33.19739,62.343,33.758,6541.0,928.0
24.0,33.20164,61.272,32.627,6541.0,925.0
24.0,33.18728,60.724,32.109,6510.0,899.0
24.0,33.18904,59.903,31.24,3584.0,886.0
24.0,33.22098,58.828,30.149,5133.0,914.0
24.0,33.22117,58.1,29.525,6480.0,876.0
24.0,33.23499,57.183,28.604,3624.0,873.0
16.11,35.00688,56.971,28.46,29.0,554.0
2.23,28.97157,31.979,3.132,494.0,89.0
24.0,59.62437,44.552,16.018,10192.0,1162.0
24.0,33.3408,54.678,26.221,12060.0,811.0
17.11,24.17843,56.168,27.745,8355.0,433.0
11.98,26.43534,55.87,27.257,9989.0,381.0
24.0,33.18196,55.366,26.731,13559.0,812.0
24.0,33.21672,55.446,26.674,12803.0,709.0
24.0,33.22418,55.602,26.833,12817.0,697.0
24.0,32.80304,55.195,26.731,12683.0,710.0
24.0,33.32447,55.78,27.144,12925.0,706.0
24.0,32.56462,55.547,27.214,12815.0,704.0
24.0,33.27409,56.45,27.811,13126.0,702.0
24.0,31.13554,56.53,27.85,13172.0,684.0
24.0,33.294,57.018,28.348,8341.0,716.0
24.0,33.28384,57.038,28.364,8390.0,724.0
24.0,33.25429,57.036,28.091,5404.0,707.0
24.0,33.13726,56.758,28.062,8519.0,690.0
24.0,33.1873,56.481,27.786,8555.0,717.0
24.0,33.17726,56.637,27.934,8583.0,716.0
24.0,33.08713,56.564,27.652,8600.0,699.0
24.0,33.08282,56.38,27.638,8576.0,706.0
24.0,33.07758,56.59,27.869,7223.0,705.0
24.0,33.11314,56.597,27.912,8451.0,709.0
23.38,32.11212,56.936,28.105,8436.0,671.0
24.0,33.77713,55.285,26.603,8446.0,716.0
24.0,33.862,54.706,26.109,8416.0,714.0
24.0,33.95103,54.723,26.141,8378.0,717.0
24.0,32.04327,53.758,25.419,8472.0,716.0
24.0,34.18332,54.274,25.646,8472.0,719.0
24.0,34.25424,54.122,25.457,8588.0,698.0
24.0,34.36061,54.106,25.42,8601.0,694.0
24.0,33.65804,53.827,25.148,8591.0,692.0
24.0,34.58774,53.484,24.808,8594.0,707.0
24.0,34.80917,53.008,24.331,8597.0,706.0
24.0,34.94795,52.808,24.146,8600.0,707.0
24.0,35.10895,52.425,23.77,7274.0,708.0
24.0,35.23351,52.147,23.5,8592.0,700.0
24.0,35.46763,51.696,23.056,8612.0,708.0
24.0,35.57401,51.508,22.845,8701.0,704.0
24.0,35.65656,51.184,22.524,8783.0,712.0
24.0,35.71326,50.529,21.861,8697.0,721.0
24.0,35.52315,50.025,21.274,8606.0,723.0
24.0,34.87172,50.708,22.004,8660.0,714.0
24.0,34.88242,50.33,21.621,8596.0,733.0
24.0,34.87572,49.799,21.1,8627.0,741.0
8.13,11.63463,51.97,23.121,8522.0,91.0
0.0,0.83727,108.254,79.618,8505.0,0.0
0.0,0.84122,110.39,81.751,8457.0,0.0
9.0,13.30564,51.369,22.087,8413.0,44.0
24.0,35.3463,51.779,21.611,8753.0,736.0
24.0,35.00244,51.56,22.656,8758.0,742.0
24.0,34.93759,51.112,22.381,8763.0,707.0
24.0,33.42341,50.216,21.463,8409.0,667.0
24.0,34.18371,49.884,20.895,8687.0,698.0
24.0,35.00606,49.367,20.603,8688.0,708.0
24.0,35.06375,48.944,20.221,8593.0,681.0
24.0,35.21113,48.526,19.838,8623.0,697.0
24.0,35.24768,48.297,19.548,8679.0,692.0
24.0,35.34144,48.316,19.607,8644.0,692.0
24.0,35.31801,48.238,19.552,8682.0,688.0
24.0,35.34629,48.187,19.505,4147.0,688.0
24.0,35.14337,48.135,19.465,8565.0,681.0
24.0,35.12442,47.963,19.299,8440.0,683.0
24.0,35.09952,47.876,19.205,8459.0,681.0
24.0,35.10816,47.618,18.939,8559.0,674.0
24.0,35.12518,47.406,18.726,8532.0,677.0
24.0,35.15483,47.312,18.615,10475.0,678.0
24.0,35.16748,47.117,18.438,15149.0,677.0
24.0,35.3171,47.359,18.666,14701.0,682.0
24.0,34.55391,47.388,18.68,14414.0,682.0
24.0,35.30399,47.646,18.966,11220.0,688.0
24.0,34.60419,47.894,19.199,14645.0,696.0
24.0,34.58859,48.218,19.542,14742.0,690.0
24.0,34.54583,48.772,20.101,8967.0,695.0
24.0,35.28526,48.956,20.265,8895.0,697.0
24.0,35.28167,48.987,20.276,8750.0,703.0
24.0,35.27701,48.914,20.199,8830.0,703.0
24.0,35.25572,48.786,19.839,8813.0,591.0
24.0,35.26414,48.788,19.532,8705.0,588.0
24.0,35.25118,48.514,19.299,8713.0,582.0
24.0,35.29905,48.195,18.99,8744.0,582.0
24.0,35.30202,48.332,19.074,8761.0,585.0
24.0,35.09835,48.655,19.391,8727.0,580.0
24.0,35.10262,48.45,19.417,8745.0,580.0
24.0,35.13215,48.054,19.211,8761.0,583.0
24.0,35.14189,47.851,19.13,8761.0,583.0
24.0,35.13607,47.68,18.979,8752.0,578.0
24.0,35.11678,47.731,18.924,8696.0,570.0
24.0,35.12978,47.616,18.844,8638.0,560.0
24.0,35.12521,47.418,18.719,8627.0,559.0
24.0,35.08145,47.364,18.651,8629.0,548.0
24.0,35.08396,46.91,18.187,8619.0,549.0
24.0,35.09396,46.827,18.104,8626.0,543.0
24.0,35.12829,46.731,18.037,8654.0,545.0
24.0,35.21607,46.556,17.86,8642.0,546.0
24.0,35.24302,46.636,17.956,8563.0,547.0
24.0,35.26651,46.646,17.942,8542.0,546.0
24.0,35.18825,46.388,17.747,8529.0,540.0
24.0,35.18516,46.183,17.615,8536.0,556.0
24.0,35.17794,46.168,17.592,8533.0,555.0
24.0,35.18448,45.985,17.392,8530.0,559.0
24.0,35.18698,45.912,17.318,8477.0,557.0
24.0,35.19035,45.935,17.356,8457.0,554.0
24.0,35.26308,45.787,17.173,8452.0,558.0
24.0,35.28388,45.528,16.931,8427.0,557.0
24.0,35.27889,45.765,17.183,8444.0,550.0
24.0,35.24936,45.56,16.938,8434.0,542.0
24.0,35.25155,45.395,16.687,8374.0,514.0
24.0,35.27443,45.667,16.65,8390.0,550.0
24.0,35.28594,45.486,16.755,8373.0,519.0
24.0,35.29511,45.448,16.755,8396.0,536.0
24.0,34.52245,45.572,16.665,8358.0,526.0
24.0,34.52679,45.428,16.505,8350.0,537.0
24.0,35.19461,45.808,16.861,8370.0,541.0
24.0,35.10432,45.628,16.697,8349.0,535.0
24.0,34.35874,45.606,16.688,8372.0,535.0
24.0,37.9788,42.623,13.637,8433.0,569.0
24.0,41.18351,38.756,9.745,8377.0,603.0
24.0,41.17428,38.177,9.189,8268.0,598.0
24.0,42.16542,37.358,8.358,8433.0,608.0
24.0,44.20573,35.718,6.733,8913.0,630.0
24.0,44.17502,35.792,6.808,9054.0,628.0
13.32,23.98259,41.381,12.326,7401.0,234.0
24.0,42.24622,37.201,8.491,8729.0,609.0
24.0,46.12904,34.345,5.623,8846.0,647.0
24.0,67.51571,31.256,2.435,8833.0,693.0
24.0,100.0,29.8,0.992,8866.0,700.0
24.0,100.0,29.682,0.958,8979.0,702.0
24.0,100.0,29.428,0.681,7330.0,693.0
24.0,100.0,29.46,0.727,8785.0,680.0
24.0,100.0,29.504,0.767,8859.0,683.0
24.0,100.0,29.565,0.844,8814.0,676.0
24.0,100.0,29.607,0.871,8780.0,673.0
24.0,100.0,29.833,0.751,10190.0,672.0
24.0,100.0,29.982,0.782,14125.0,662.0
24.0,100.0,29.532,0.789,14264.0,680.0
24.0,100.0,29.757,1.034,13939.0,675.0
24.0,100.0,29.609,0.857,14168.0,689.0
24.0,100.0,29.603,0.848,14231.0,681.0
24.0,100.0,29.615,0.845,14100.0,683.0
24.0,100.0,29.599,0.821,14136.0,681.0
24.0,100.0,29.87,1.107,14247.0,666.0
24.0,100.0,29.844,0.902,11337.0,675.0
24.0,100.0,29.881,1.118,8955.0,714.0
24.0,100.0,30.035,0.996,8949.0,713.0
24.0,100.0,29.862,1.086,8966.0,720.0
24.0,100.0,30.085,1.179,9003.0,665.0
24.0,100.0,30.001,1.118,9029.0,726.0
24.0,100.0,29.731,0.922,6849.0,723.0
24.0,100.0,29.807,1.044,8684.0,712.0
24.0,100.0,29.81,1.062,8640.0,708.0
24.0,100.0,29.537,0.767,8632.0,701.0
24.0,100.0,29.77,1.019,8659.0,698.0
24.0,100.0,29.577,0.804,8802.0,689.0
24.0,100.0,29.584,0.832,8736.0,684.0
24.0,97.91667,29.509,0.771,8772.0,679.0
24.0,97.91667,29.727,1.003,8726.0,667.0
24.0,100.0,29.654,0.911,8706.0,663.0
24.0,100.0,29.467,0.671,8753.0,610.0
24.0,100.0,29.461,0.61,8762.0,600.0
24.0,100.0,29.363,0.621,8798.0,592.0
24.0,100.0,29.333,0.598,8792.0,585.0
24.0,100.0,29.551,0.836,8784.0,581.0
24.0,100.0,29.689,0.948,8840.0,580.0
24.0,100.0,29.449,0.711,9284.0,571.0
24.0,100.0,29.286,0.571,9251.0,567.0
24.0,100.0,29.567,0.83,9276.0,572.0
24.0,100.0,29.323,0.577,9090.0,577.0
24.0,100.0,29.606,0.868,9121.0,577.0
24.0,100.0,29.403,0.662,9076.0,572.0
24.0,100.0,29.286,0.551,9059.0,566.0
24.0,100.0,29.299,0.561,9059.0,559.0
24.0,100.0,29.256,0.516,9046.0,554.0
24.0,100.0,29.201,0.471,9057.0,545.0
24.0,100.0,29.225,0.511,8955.0,555.0
24.0,100.0,29.303,0.592,8861.0,545.0
24.0,100.0,29.319,0.605,8868.0,534.0
24.0,100.0,29.513,0.813,8881.0,531.0
24.0,100.0,29.284,0.574,8881.0,531.0
24.0,100.0,29.484,0.799,8921.0,526.0
24.0,100.0,29.415,0.764,8907.0,528.0
24.0,100.0,29.547,0.832,8820.0,530.0
24.0,100.0,29.362,0.672,8642.0,521.0
24.0,100.0,29.12,0.405,8597.0,516.0
24.0,100.0,29.356,0.669,8667.0,506.0
24.0,100.0,29.522,0.836,8193.0,510.0
24.0,100.0,29.421,0.736,8462.0,507.0
24.0,100.0,29.278,0.569,8677.0,500.0
24.0,100.0,29.254,0.565,8928.0,504.0
24.0,100.0,29.323,0.635,8866.0,500.0
24.0,100.0,29.438,0.765,8822.0,501.0
24.0,100.0,29.37,0.671,8869.0,501.0
24.0,100.0,29.119,0.405,8877.0,500.0
24.0,100.0,29.166,0.477,8917.0,494.0
24.0,100.0,29.487,0.816,8946.0,497.0
24.0,97.91667,29.453,0.791,9144.0,502.0
24.0,100.0,29.327,0.683,8955.0,501.0
24.0,100.0,29.427,0.78,8991.0,497.0
24.0,100.0,29.405,0.741,9002.0,496.0
24.0,100.0,29.467,0.801,2559.0,485.0
24.0,100.0,29.432,0.747,9292.0,483.0
24.0,100.0,29.322,0.625,9286.0,482.0
13.61,56.38641,29.61,0.908,5568.0,323.0
0.0,0.14047,1.282,1.237,0.0,0.0
0.0,0.13806,1.265,1.258,0.0,0.0
0.0,0.12714,1.272,1.272,0.0,0.0
0.0,0.59861,2.907,2.787,0.0,0.0
23.08,89.85743,30.516,1.08,7225.0,500.0
24.0,100.0,29.196,0.451,9304.0,469.0
24.0,100.0,29.453,0.505,9379.0,443.0
24.0,100.0,30.361,0.371,9273.0,430.0
24.0,100.0,29.8,0.422,8900.0,414.0
24.0,100.0,29.323,0.612,9029.0,430.0
24.0,100.0,29.221,0.513,9010.0,416.0
24.0,100.0,29.149,0.453,9152.0,413.0
24.0,100.0,29.107,0.409,9318.0,409.0
24.0,100.0,29.14,0.445,9323.0,410.0
24.0,100.0,29.308,0.627,8918.0,408.0
24.0,100.0,29.435,0.75,8774.0,410.0
24.0,100.0,29.484,0.811,8448.0,415.0
24.0,100.0,29.378,0.684,8765.0,412.0
24.0,100.0,29.373,0.677,8763.0,401.0
24.0,100.0,29.393,0.672,8739.0,415.0
24.0,100.0,29.323,0.622,8725.0,419.0
24.0,100.0,29.162,0.426,8750.0,415.0
24.0,100.0,29.129,0.403,8678.0,432.0
24.0,100.0,29.173,0.391,8641.0,419.0
24.0,100.0,29.263,0.414,8621.0,401.0
24.0,100.0,29.336,0.606,8662.0,425.0
23.32,68.64707,34.854,5.056,6217.0,351.0
24.0,99.99819,29.576,0.525,8543.0,427.0
24.0,100.0,29.868,0.722,8261.0,426.0
24.0,100.0,29.704,0.528,8494.0,423.0
24.0,100.0,29.496,0.377,8668.0,425.0
24.0,100.0,29.61,0.509,8669.0,419.0
24.0,100.0,29.902,0.736,8692.0,418.0
24.0,97.91667,29.851,0.791,8661.0,416.0
24.0,97.91667,29.568,0.563,8638.0,386.0
24.0,100.0,28.611,0.533,8749.0,392.0
24.0,100.0,26.566,0.579,9201.0,408.0
24.0,100.0,26.607,0.627,9069.0,405.0
24.0,97.91667,26.463,0.468,9089.0,402.0
24.0,100.0,26.765,0.793,9081.0,400.0
24.0,100.0,26.95,0.965,9211.0,398.0
24.0,100.0,26.986,0.998,9202.0,399.0
24.0,100.0,26.65,0.774,9171.0,393.0
24.0,100.0,26.311,0.509,9186.0,400.0
24.0,100.0,26.576,0.612,9233.0,399.0
24.0,100.0,26.846,0.753,9281.0,400.0
24.0,100.0,26.898,0.767,9283.0,396.0
23.17,90.67177,28.064,1.425,6141.0,348.0
24.0,100.0,27.411,0.613,8376.0,387.0
24.0,100.0,28.451,0.543,8563.0,386.0
24.0,100.0,26.474,0.454,8774.0,397.0
24.0,100.0,26.419,0.418,6577.0,393.0
24.0,100.0,26.299,0.427,8196.0,394.0
24.0,100.0,26.526,0.423,8548.0,382.0
24.0,100.0,26.705,0.533,8622.0,383.0
24.0,100.0,26.818,0.763,8644.0,380.0
24.0,100.0,26.75,0.716,8728.0,380.0
24.0,100.0,26.647,0.702,8746.0,375.0
24.0,99.94536,26.937,0.729,8747.0,371.0
24.0,100.0,26.746,0.614,8703.0,392.0
24.0,100.0,26.727,0.845,8785.0,343.0
24.0,100.0,26.728,0.738,8818.0,343.0
24.0,100.0,27.144,0.909,8829.0,372.0
19.5,77.57303,29.597,3.123,8810.0,316.0
24.0,89.98931,29.905,1.933,8944.0,365.0
24.0,99.99895,27.15,0.978,8929.0,390.0
24.0,100.0,27.134,0.935,8949.0,393.0
23.5,94.02166,28.276,1.535,3803.0,375.0
24.0,99.99372,27.731,0.928,6943.0,377.0
24.0,100.0,27.929,0.798,7764.0,390.0
24.0,100.0,28.226,0.759,6241.0,395.0
24.0,100.0,27.532,0.727,9037.0,364.0
24.0,100.0,27.309,0.564,13841.0,358.0
24.0,100.0,27.439,0.714,14260.0,348.0
24.0,100.0,27.442,0.684,14070.0,322.0
24.0,100.0,27.148,0.569,13978.0,319.0
24.0,100.0,26.521,0.712,14141.0,336.0
24.0,100.0,26.635,0.802,12945.0,394.0
24.0,100.0,26.906,0.763,14045.0,391.0
24.0,100.0,26.433,0.612,14107.0,399.0
24.0,100.0,26.555,0.474,8922.0,401.0
24.0,97.91667,27.135,0.803,8777.0,401.0
24.0,100.0,27.098,0.791,8780.0,399.0
24.0,100.0,26.513,0.531,8831.0,394.0
24.0,100.0,26.2,0.421,8820.0,407.0
24.0,100.0,27.019,0.538,8817.0,389.0
24.0,100.0,27.783,0.444,8798.0,400.0
24.0,100.0,27.869,0.373,8818.0,389.0
24.0,100.0,27.98,0.681,8798.0,390.0
24.0,100.0,27.817,0.429,8802.0,387.0
24.0,100.0,27.846,0.441,8795.0,383.0
24.0,100.0,27.929,0.65,8792.0,380.0
24.0,100.0,28.121,0.622,8772.0,377.0
24.0,100.0,28.059,0.617,8813.0,374.0
24.0,100.0,27.957,0.528,8828.0,370.0
24.0,100.0,27.72,0.403,8819.0,367.0
24.0,100.0,27.831,0.522,8775.0,362.0
24.0,100.0,28.149,0.631,8725.0,360.0
24.0,100.0,28.074,0.543,11393.0,361.0
24.0,100.0,27.429,0.575,14035.0,355.0
24.0,100.0,27.643,0.701,14122.0,371.0
24.0,100.0,27.4,0.487,14228.0,366.0
24.0,100.0,27.632,0.536,14284.0,369.0
24.0,100.0,28.143,0.817,14231.0,368.0
11.33,65.08566,27.939,1.372,7929.0,155.0
24.0,100.0,27.195,0.849,8589.0,414.0
24.0,100.0,27.096,0.609,8633.0,385.0
24.0,100.0,26.969,0.435,8614.0,378.0
24.0,100.0,26.933,0.482,8599.0,372.0
24.0,100.0,27.073,0.7,8587.0,369.0
24.0,100.0,27.005,0.724,8598.0,367.0
24.0,100.0,27.023,0.781,8608.0,362.0
24.0,100.0,27.003,0.774,8590.0,365.0
24.0,100.0,27.036,0.83,8604.0,359.0
24.0,100.0,26.954,0.797,8630.0,356.0
24.0,100.0,26.911,0.793,8611.0,351.0
24.0,100.0,26.887,0.786,8663.0,349.0
24.0,100.0,26.873,0.76,8736.0,346.0
24.0,97.91667,26.629,0.813,8740.0,345.0
24.0,100.0,26.544,0.814,8741.0,342.0
24.0,100.0,26.293,0.563,8730.0,341.0
24.0,100.0,26.344,0.652,8740.0,338.0
24.0,100.0,26.446,0.621,8730.0,330.0
24.0,97.91667,26.454,0.784,8724.0,333.0
24.0,100.0,26.505,0.828,8704.0,331.0
24.0,100.0,26.575,0.888,8688.0,331.0
24.0,100.0,26.493,0.795,8724.0,328.0
24.0,100.0,26.386,0.687,8712.0,327.0
24.0,100.0,26.721,0.851,8715.0,320.0
21.67,70.95083,37.823,2.414,6110.0,226.0
24.0,76.12115,33.655,5.663,6849.0,255.0
24.0,100.0,26.675,0.9,12799.0,323.0
24.0,100.0,26.746,0.849,14126.0,319.0
24.0,100.0,26.725,0.931,14074.0,321.0
24.0,100.0,26.796,0.788,13985.0,323.0
24.0,100.0,26.953,0.897,13851.0,324.0
24.0,100.0,26.971,0.877,13791.0,325.0
24.0,100.0,27.078,0.807,13855.0,328.0
24.0,100.0,26.922,0.581,13431.0,330.0
23.33,90.16816,28.47,1.857,7621.0,295.0
24.0,100.0,27.203,0.617,8307.0,333.0
24.0,100.0,26.869,0.612,8346.0,333.0
24.0,100.0,26.595,0.539,8355.0,331.0
24.0,100.0,26.412,0.473,8353.0,327.0
24.0,100.0,26.626,0.611,8308.0,325.0
24.0,100.0,26.716,0.468,8305.0,315.0
20.83,84.53231,27.938,1.098,7312.0,264.0
24.0,100.0,28.355,0.72,9238.0,304.0
24.0,100.0,28.194,0.884,9277.0,290.0
24.0,100.0,27.167,0.762,9261.0,299.0
24.0,100.0,26.478,0.761,8835.0,303.0
22.67,76.06705,30.091,3.506,7120.0,304.0
24.0,80.90738,30.596,3.799,7393.0,272.0
24.0,100.0,26.181,0.428,8879.0,308.0
24.0,100.0,26.435,0.705,8797.0,294.0
24.0,100.0,26.56,0.821,8834.0,295.0
24.0,100.0,26.534,0.758,8841.0,294.0
24.0,100.0,26.164,0.422,8845.0,289.0
24.0,100.0,26.531,0.747,8814.0,287.0
24.0,100.0,26.548,0.687,8823.0,287.0
24.0,100.0,26.461,0.545,8867.0,282.0
23.58,83.14753,28.882,2.805,7380.0,244.0
24.0,99.95452,26.751,0.822,9242.0,289.0
24.0,100.0,26.492,0.731,9318.0,284.0
24.0,100.0,26.741,0.865,9317.0,277.0
24.0,100.0,26.68,0.646,9307.0,277.0
24.0,100.0,26.749,0.545,9271.0,278.0
24.0,100.0,26.878,0.332,9237.0,275.0
24.0,100.0,27.526,0.4,9230.0,278.0
24.0,100.0,27.816,0.62,9232.0,263.0
24.0,100.0,27.651,0.385,9235.0,255.0
24.0,100.0,27.87,0.441,9257.0,260.0
24.0,100.0,27.724,0.383,9261.0,259.0
24.0,100.0,28.154,1.0,9260.0,257.0
24.0,100.0,28.246,1.073,9244.0,256.0
24.0,100.0,27.894,0.677,9230.0,251.0
24.0,100.0,28.033,1.064,9375.0,243.0
24.0,100.0,27.563,0.776,13113.0,251.0
24.0,100.0,27.569,0.76,14101.0,239.0
24.0,100.0,26.971,0.647,14413.0,244.0
24.0,100.0,27.152,0.755,14476.0,243.0
24.0,100.0,27.167,0.704,14594.0,243.0
24.0,100.0,27.574,0.687,14212.0,248.0
24.0,100.0,26.481,0.674,14329.0,269.0
24.0,100.0,26.672,0.707,14292.0,267.0
24.0,100.0,26.842,0.66,14319.0,271.0
24.0,100.0,27.344,1.13,11513.0,269.0
24.0,100.0,27.407,1.099,8909.0,273.0
24.0,100.0,27.002,0.656,9004.0,269.0
24.0,100.0,26.956,0.641,9058.0,266.0
24.0,100.0,27.047,0.788,9047.0,264.0
24.0,100.0,26.893,0.701,9046.0,260.0
24.0,100.0,26.864,0.659,9037.0,260.0
24.0,100.0,26.762,0.537,8995.0,257.0
24.0,100.0,27.091,0.801,9016.0,254.0
24.0,100.0,27.136,0.775,9018.0,251.0
24.0,100.0,27.067,0.728,9017.0,251.0
24.0,100.0,27.301,0.942,9018.0,248.0
24.0,100.0,26.956,0.983,9078.0,247.0
24.0,100.0,27.493,0.867,9042.0,238.0
24.0,100.0,26.254,0.535,8993.0,245.0
24.0,100.0,26.195,0.48,9016.0,243.0
24.0,100.0,26.197,0.48,9128.0,246.0
24.0,100.0,26.204,0.478,9175.0,234.0
24.0,100.0,26.364,0.465,9167.0,230.0
24.0,100.0,26.264,0.5,9165.0,228.0
24.0,100.0,26.369,0.472,9151.0,230.0
24.0,100.0,26.554,0.43,9142.0,227.0
24.0,100.0,26.507,0.407,9109.0,220.0
24.0,100.0,26.725,0.501,9109.0,218.0
24.0,100.0,27.084,0.796,9098.0,220.0
24.0,100.0,26.741,0.667,9101.0,221.0
24.0,100.0,27.289,0.955,9116.0,217.0
23.0,100.0,27.498,0.924,8743.0,206.0
24.0,100.0,27.402,0.766,9134.0,212.0
24.0,100.0,27.013,0.437,9121.0,213.0
24.0,100.0,27.046,0.486,9126.0,208.0
24.0,100.0,27.286,0.444,9134.0,204.0
24.0,100.0,27.798,0.894,9016.0,200.0
24.0,100.0,27.575,0.633,7613.0,197.0
24.0,100.0,27.391,0.585,8994.0,199.0
24.0,100.0,27.155,0.636,8576.0,199.0
24.0,100.0,27.038,0.69,10493.0,198.0
22.83,86.52358,28.45,1.934,7269.0,167.0
24.0,100.0,26.48,0.472,7938.0,197.0
24.0,100.0,26.263,0.435,8077.0,223.0
24.0,100.0,26.451,0.744,8043.0,217.0
24.0,100.0,26.425,0.729,8059.0,216.0
